id,text,question,answer
0,1.区人民政府应根据《江州市粮食应急预案》及时修订本区的粮食应急预案，并报市粮食应急工作指挥部办公室备案。,区人民政府应根据《江州市粮食应急预案》及时修订本区的什么预案？,粮食应急预案
1,把保证人民群众的生命安全和身体健康作为重大动物疫病应急处理工作的出发点和落脚点，按照有关法律、法规的规定实施应急处理。区委、区政府统一领导和指挥全区重大动物疫病应急处理工作；各镇人民政府、街道办事处、功能区管委会负责辖区内重大动物疫病应急处理工作；各有关部门按照预案规定的职责做好疫情应急处理工作。,负责辖区内重大动物疫病应急处理工作？,各镇人民政府||街道办事处||功能区管委会
2,区政府各有关部门，要建立和完善重大动物疫情应急体系、应急反应机制和应急处置机制，提高重大动物疫情处理能力。发生重大动物疫情时，要迅速做出反应，采取果断措施，及时控制和扑灭重大动物疫情，最大程度地减少突发动物疫病灾害造成的损失。,哪个机构要建立和完善重大动物疫情应急体系、应急反应机制和应急处置机制？,区政府各有关部门
3,发生重大动物疫情时，长凌区控制重大动物疫病指挥部（以下简称区指挥部）负责指挥协调疫情应急处理工作。各涉农镇、街也要成立控制重大动物疫病指挥部作为本辖区重大动物疫情应急指挥部（以下简称基层指挥部）。,哪个机构负责指挥协调疫情应急处理工作？,长凌区控制重大动物疫病指挥部
4,区指挥部由区政府主管领导任指挥长，政府办主任任常务副指挥长、区农业局局长、区财政局局长任副指挥长。区指挥部成员单位由区政府办、区农业局、区财政局、区卫生局、区公安局、区发改委、区商务委、区民政局、区建设和交通局、区环保和市容局、区综合执法局、区工商局、区食药监局、区教育局以及涉农街镇等部门组成。,区指挥部由谁担任指挥长？,区政府主管领导
5,区农业局：参与组织协调动物疫病灾害应急处置工作，并对日常防控工作提出意见和建议；负责组织制定动物疫病灾害控制和扑灭的技术方案；调集动物防疫和防疫监督有关人员开展疫情控制工作；组织做好疫情的监测、预报、开展流行病学调查和疫源追踪；对疫情进行全面评估，提出启动、停止应急预案建议；迅速将疫情上报到市级指挥机构进行全面评估、诊断疫病；划定疫点、疫区、受威胁区，提出封锁建议，并参与组织实施；负责陆生野生动物疫源疫病监测防控工作；组织建立紧急防疫物资储备库，储备疫苗、药品、诊断试剂、器械、防护用品，交通工具等；评估疫情处理及补贴所需资金，安排资金使用计划；组织成立疫情处理预备队；研究落实恢复畜牧业生产的政策建议。,哪个机构参与组织协调动物疫病灾害应急处置工作？,区农业局
6,区财政局：负责保障免疫、监测、消毒、扑杀、无害化处理等疫情应急处置所需经费，保证防疫经费及时、足额到位，并做好对经费使用的监督管理。,哪个机构负责保障疫情应急处置所需经费？,区财政局
7,区卫生局：负责做好高危人群的健康教育，对患病动物的密切接触人群进行医学观察，开展人畜共患疾病的人间疫情监测和预防工作，指导疫区内相关人员的个人防护。,哪个机构负责做好高危人群的健康教育？,区卫生局
8,区公安局：负责密切注视与疫情有关的社会动态，做好疫区封锁、动物扑杀等疫区安全保卫和社会治安管理，依法、及时、妥善地处置与疫情有关的突发事件，查处打击违法犯罪活动，维护社会稳定。,哪个机构负责密切注视与疫情有关的社会动态？,区公安局
9,区发展改革委：负责安排重大动物疫病防控建设项目、协调防护用品以及生活必需品应急生产。,哪个机构负责安排重大动物疫病防控建设项目？,区发展改革委
10,区商务委：加强市场供需监测，适时组织市场调控，维护市场秩序；配合畜牧兽医、食药监管部门做好其他省市输入我区畜禽产品监督管理。,哪个机构配合畜牧兽医、食药监管部门做好其他省市输入我区畜禽产品监督管理？,区商务委
11,区教育局：负责学校、幼儿园等集中人群的安全防范，开展重大动物疫情应急知识的普及教育，指导学生以科学的行为方式对待和防范重大动物疫情。督促所属单位向当地动物防疫部门报告疫情，接受动物防疫机构监督管理；监督管理信鸽放飞工作。,哪个机构开展重大动物疫情应急知识的普及教育？,区教育局
12,区民政局：负责对受疫情灾害群众的基本生活救助；接受、分配国内外各界针对重大动物疫情的捐助资金和物资，做好款物管理和发放工作；根据需要，统一组织开展社会捐助。,哪个机构负责对受疫情灾害群众的基本生活救助？,社会捐助
13,区建设和交通局：负责协调有关单位、部门优先安排紧急防疫物资的调运，配合农业部门做好运输环节动物及动物产品的监督检查；负责监督管理广场鸽放飞工作。,哪个机构负责监督管理广场鸽放飞工作？,区建设和交通局
14,区工商局：做好疫区、受威胁区内易感动物及其产品交易市场监管工作，打击市场内违法经营动物和动物产品行为。,哪个机构打击市场内违法经营动物和动物产品行为？,区工商局
15,区食药监局：负责医药及防护用品质量的监督管理；对辖区内餐饮服务单位的肉类食品及肉类食品加工企业进行监督管理。,哪个机构负责医药及防护用品质量的监督管理？,区食药监局
16,区指挥部下设办公室，办公室设在区农业局，指挥部成员单位各确定一名联络员，保证各成员单位间信息畅通。办公室主任由区农业局局长担任，主管局长任副主任。其主要职责是：,区农业局局长担任什么职务？,办公室主任
17,1.疫情处置现场指挥部：重大动物疫情发生后，区指挥部根据工作需要成立疫情处置现场指挥部，负责组织落实指挥部的决定，组织协调现场各工作部门和人员实施重大动物疫情的应急处理工作。,区指挥部根据工作需要成立什么机构？,疫情处置现场指挥部
18,各级动物防疫监督机构、从事动物饲养、经营及其产品生产经营的单位和个人、村级防疫员以及一般群众等，发现可疑疫情时，立即上报。区应急指挥部办公室负责各类信息的最终收集、汇总、核实、报告。,哪个机构负责各类信息的最终收集？,区应急指挥部办公室
19,1.疫情确诊后，区指挥部办公室立即划定疫点、疫区、受威胁区，同时向区应急指挥部报告，提出启动应急预案的建议，并将疫情按照规定迅速上报。,区指挥部办公室提出启动了什么建议？,启动应急预案的建议
20,2.预案启动后，根据应急处置的需要，区应急指挥部提请区人民政府发布封锁令，并在2小时内召开指挥部成员单位会议，通报疫情，对控制和扑灭疫情的相关问题进行研究决定。,区应急指挥部召开什么会议？,指挥部成员单位会议
21,3.指挥部办公室要立即调集预备队，实施对疫点、疫区、受威胁区控制措施；同时基层指挥部要立即调集疫情处理预备分队（综合应急预备队）支持。,哪个机构实施对受威胁区控制措施？,预备队
22,④对疫点内的动物圈舍、粪便、垫料、污水和其他受污染的物品、场地，在动物防疫人员监督指导下进行消毒和无害化处理。,动物防疫人员监督指导进行什么工作？,消毒||无害化处理
23,②疫区周围应当设置警示标志，疫区出入口设立监督检查消毒站，对出入人员、运载工具和污染物品进行消毒；,疫区出入口设立了什么机构？,监督检查消毒站
24,4.确认发生重大动物疫病灾害，各有关部门共同开展防控工作。对超出本区处置能力，疫情有进一步扩大趋势时，由区人民政府报请市控制重大动物疫病指挥部，启动跨区联动应急响应机制。,市控制重大动物疫病指挥部启动了什么措施？,跨区联动应急响应机制
25,疫区内所有动物及其产品按规定处理后，经过该疫病至少一个最长潜伏期无新的病例出现，彻底消毒后，由相关职能部门对疫情控制情况进行评估。经上一级动物防疫监督机构验收合格后，由区指挥部办公室向区人民政府提出终止应急措施的建议，由区人民政府宣布解除封锁，并以适合的方式向社会宣布应急结束。,由哪个机构对疫情控制情况进行评估？,相关职能部门
26,发生重大动物疫情后，民政主管部门应按《中华人民共和国公益事业捐赠法》和《救灾捐赠管理暂行办法》及国家有关政策规定，做好社会各界向疫区提供的救援物资及资金的接收、分配和使用工作。,哪个机构做好救援物资的接收？,民政主管部门
27,各涉农镇人民政府、街道办事处、建立重大动物疫情应急处理预备分队（综合应急预备队），具体实施扑杀、消毒、无害化处理等工作。,各涉农镇人民政府建立了什么组织？,重大动物疫情应急处理预备分队
28,区财政要及时安排落实紧急免疫、监测、封锁、扑杀、消毒、无害化处理、疫源追踪等应急处置的经费，同时加强对经费使用的管理和监督。,哪个机构加强对经费使用的管理？,区财政
29,卫生部门负责开展人畜共患病的人间监测，做好有关预防保障工作。各级畜牧兽医管理部门和卫生部门应及时互相通报疫情，共同开展工作。,哪个机构负责开展人畜共患病的人间监测？,卫生部门
30,各级政府应组织有关部门利用广播、影视、报刊、手册等多种形式对社会公众广泛开展重大动物疫情应急知识的普及教育，宣传动物防疫科普知识，指导群众以科学的行为和方式对待重大动物疫情。要充分发挥有关社会团体在普及动物防疫知识、科普知识方面的作用。,哪个机构宣传动物防疫科普知识？,有关部门
31,在没有发生重大动物疫情状态下，镇人民政府、街道办事处指挥部要有计划地组织演练，确保疫情应急处理预备队的应急能力。,哪个机构有计划地组织演练？,镇人民政府||街道办事处指挥部
32,2.各镇人民政府、街道办事处、功能区管委会，参照本预案，结合本辖区区域实际情况，制定本区域重大动物疫情应急预案，并报区重大动物疫病防控指挥部办公室备案。,各镇人民政府制定了什么预案？,本区域重大动物疫情应急预案
33,在区政府统一领导和指挥下，区卫生局及有关部门应该按照预案规定的职责开展工作。发生突发事件的区域内的任何单位和个人都有义务配合区政府、街道办事处、区卫生局及有关部门做好突发公共卫生事件应急处理工作。,发生突发事件的区域内的任何单位有义务配合哪些机构？,区政府||街道办事处||区卫生局||有关部门
34,区应急处理领导小组组长由区卫生局局长担任，负责领导、指挥全区突发事件应急处理工作。有关医疗卫生单位分别成立应急处理领导小组，负责突发公共卫生事件的、处理和医疗救治工作。,区卫生局局长担任什么职务？,区应急处理领导小组组长
35,分设突发事件评估组、医疗救护技术指导组、预防控制技术指导组和检测技术指导组，各组由相应的专家组成。,突发事件评估组由谁组成？,相应的专家
36,由区卫生局协调医疗卫生机构，抽调有经验的卫生专业技术人员，组建医疗卫生应急队伍。,医疗卫生机构组建了什么？,医疗卫生应急队伍
37,区卫生局建立突发事件应急处理常备机动队伍，由预防控制、医疗、卫生监督三部分组成。负责处置突发事件，参与和指导各级医疗卫生等机构进行应急处理。,区卫生局建立了什么队伍？,突发事件应急处理常备机动队伍
38,在突发事件发生后，区卫生局成立评估和技术指导组，下设突发事件评估组及医疗救护、预防控制和检测三个技术指导组；承担社会心理卫生教育和咨询工作。,区卫生局成立了什么？,评估和技术指导组
39,2.医疗救护技术指导小组：指导医院的诊断、救治和医疗单位内医务人员防护、消毒隔离等工作，负责重点病例的诊断。,谁指导医院的诊断？,医疗救护技术指导小组
40,3.疾病预防控制技术指导小组：指导防止突发事件危害进一步蔓延应该采取的预防措施、流行病学调查、疫情统计报告、消毒隔离与个人防护等预防控制工作。,哪个机构指导防止突发事件危害进一步蔓延应该采取的预防措施？,疾病预防控制技术指导小组
41,当接到一般突发公共卫生事件（蓝色预警级别）报告后，区卫生局应立即组织有关专家进行调查确认，对突发公共卫生事件进行综合评估，必要时，向区政府提出成立区级应急处理指挥部的建议。同时，迅速组织医疗、疾病控制和卫生监督机构开展突发公共卫生事件的现场处理工作，并按照有关规定，向区政府和市卫生局报告。,谁对突发公共卫生事件进行综合评估？,有关专家
42,2.当突发事件达到橙色预警、市政府决定启动市级预案时，区卫生局提请成立区级突发事件应急处理指挥部，并根据突发事件的类别和处理需要，设置由有关部门组成的若干工作组。,区卫生局提请成立什么机构？,区级突发事件应急处理指挥部
43,2.进行流行病学调查。应急队伍到达现场后，尽快制定流行病学调查计划和方案，专业技术人员按照计划和方案，对突发事件累及人群的发病情况、分布特点进行调查分析，提出有针对性的预防控制措施。,谁制定流行病学调查计划？,应急队伍
44,根据突发事件应急处理工作的进展和突发事件专家评估委员会的评估建议，市政府终止应急响应后，区卫生局报告区政府，实施执行终止应急响应。,哪个机构实施执行终止应急响应？,区政府
45,2.区卫生局建立应急物资信息管理系统。明确各种物资的储备、运行、功能状态标准，确保可迅速调配使用。,区卫生局建立了什么？,应急物资信息管理系统
46,1.为了保证突发事件应急反应机制的正常运行，区政府建立突发事件应急处置专项资金，并建立相应的补充机制。,区政府建立什么资金？,突发事件应急处置专项资金
47,2.每年公共卫生事业经费的比例占卫生事业费的比例应逐步提高；重大突发事件发生后，区卫生局应提供相应的经费支持，必要时，可向区政府申请专项拨款。,区卫生局提供了什么支持？,相应的经费
48,区卫生局协调和组织有关单位利用电视、广播、报纸、互联网、宣传画、册等各种形式对社会公众广泛开展突发事件相关知识的宣传教育，提高广大群众自我防护意识和能力。,哪个机构开展突发事件相关知识的宣传教育？,有关单位
49,（3）属地管理，分级响应。在区政府的统一领导下，建立健全分级响应、条块结合、属地管理的应急体系，建立联动协调机制，充分动员和发挥各镇街、开发区及部门作用，并依靠社会力量，形成统一指挥、反应灵敏、功能齐全、协调有序、运转高效的应急管理机制。,区政府建立了什么机制？,联动协调机制
50,由其他突发事件引发的次生突发环境事件，区环保局全力配合相关主责部门，在区政府的领导下，启动相关应急预案，做好有关应急处置工作。,区环保局全力配合什么部门？,相关主责部门
51,2.1.1成立江州市中海区突发环境事件应急指挥部（以下简称区指挥部），区指挥部总指挥由分管环保工作的副区长担任，副总指挥由区环保局局长担任。,区指挥部总指挥由谁担任？,分管环保工作的副区长
52,2.2.1 区指挥部下设中海区突发环境事件应急指挥部办公室（以下简称区指挥部办公室），作为区指挥部的日常办事机构。区指挥部办公室设在区环保局，由区环保局局长兼任办公室主任。,区指挥部下设了什么机构？,中海区突发环境事件应急指挥部办公室
53,2.2.2区指挥部办公室的主要职责是：负责区指挥部的日常工作；负责本区突发环境事件的信息编写、报送；组织修订区突发环境事件应急预案；承办区指挥部交办的其他工作。,哪个机构负责区指挥部的日常工作？,区指挥部办公室
54,公安中海分局：负责突发环境事件影响区域实施治安警戒，维护现场秩序；组织人员疏散、撤离；负责对涉嫌重大责任事故犯罪的突发环境事件责任人的监控、立案侦查和逃逸追捕；协助环境污染与生态破坏、废弃危险化学品、危险废物等突发环境事件的应急处置。,哪个机构负责对突发环境事件责任人的监控？,公安中海分局
55,交警中海支队：负责环境应急事件现场交通的指挥、疏导工作，根据道路和交通流量的变化，对机动车、非机动车、行人采取疏导、限行等措施。,哪个机构负责环境应急事件现场交通的指挥？,交警中海支队
56,区水务局：负责提供相关水文资料，负责协调河流的调水、配水；负责突发环境事件发生时，排水系统排水的控制；负责对水利工程、库区及自用船舶发生的突发环境事件进行处置；配合有关部门做好鱼类等水生生物死亡事件的调查处置工作；负责做好有关河道、水库等水体功能区水体环境指标的现场应急监测。,哪个机构负责提供相关水文资料？,区水务局
57,区气象局：负责提供气象监测预报服务，必要时在突发环境事件区域建立移动气象站，开展加密观测，提供现场气象监测预报信息。,哪个机构负责提供气象监测预报服务？,区气象局
58,区安监局：负责组织因生产安全事故引发的次生突发环境事件的调查和应急处置；依法对涉及危险化学品生产、使用、储存、经营的单位进行监督管理。,哪个机构负责组织因生产安全事故引发的次生突发环境事件的调查？,区安监局
59,区发改委：负责突发环境事件应急处置体系基本建设项目的审批、核准、备案与管理，参与突发环境事件处置后的恢复重建工作，。,哪个机构负责突发环境事件应急处置体系基本建设项目的审批？,区发改委
60,区民政局：负责突发环境事件受灾群众的紧急转移、安置工作，负责对特困群众进行生活、医疗救助；组织、协调有关部门和社会团体开展社会捐助工作，接受、分配国内外企业、个人以及外国政府、境外组织捐助的资金和物资，做好款物管理和发放工作；协调做好死亡人员的处理和其他善后工作。,哪个机构负责突发环境事件受灾群众的紧急转移？,区民政局
61,区农经委：负责组织农业环境污染、畜禽养殖业突发环境事件的应急处置工作，负责突发环境事件引发的动物疫情的监测、调查、控制及扑灭等工作。,哪个机构负责突发环境事件引发的动物疫情的监测？,区农经委
62,区市容园林委：负责对城市建成区内危害园林植物的有害生物进行监测预防，组织因生态破坏事故造成园林绿地破坏后的恢复重建工作。,哪个机构负责对城市建成区内危害园林植物的有害生物进行监测预防？,区市容园林委
63,区委宣传部：负责指导有关部门发布突发环境事件信息，及时引导舆论；协调相关新闻单位做好对外宣传工作。,哪个机构负责指导有关部门？,区委宣传部
64,各镇政府、街道办、开发区管委会按照区指挥部的统一部署和要求，组织协调本地有关部门开展突发环境事件处置工作；积极配合应急专业机构的现场处置、采样监测、物资调集、专用设备供给等工作；组织实施辖区内突发环境事件的善后处置和环境修复工作。,哪些机构组织实施辖区内突发环境事件的善后处置？,各镇政府||街道办||开发区管委会
65,区指挥部办公室组建突发环境事件专家库，根据应急处置需要从中确定人选建立现场专家组。,区指挥部办公室组建了什么机构？,突发环境事件专家库
66,专家组负责研判突发环境事件的危害范围、发展态势等，提出现场环境应急处置和安全防护措施，指导后期调查评估工作，为环境应急处置工作提供决策依据和技术指导。,哪个组织负责研判突发环境事件的危害范围？,专家组
67,发生（或可能发生）特别重大突发环境事件，经国务院授权，由市人民政府负责发布红色预警。发生（或可能发生）重大、较大突发环境事件，经市人民政府批准后，由市指挥部办公室协调市政府新闻办组织发布橙色、黄色预警。发生（或可能发生）一般突发环境事件，由区政府负责发布蓝色预警，并报市应急指挥中心、市指挥部办公室。根据事态发展，适时调整预警级别并重新报告、通报和发布有关突发事件预测信息和分析评估结果。预警的解除按照谁发布、谁解除的原则，由预警发布单位通报解除。,哪个机构负责发布红色预警？,市人民政府
68,（3）责令各专业应急救援队伍进入应急状态，环境监测部门立即开展环境监测，随时掌握并报告事态进展情况。,哪个机构开展环境监测？,环境监测部门
69,区政府在接到突发环境事件报告后，应立即组织有关部门对事件进行调查核实，查明引发事件的污染源，确定污染事件的基本情况。区政府负责一般突发环境事件的调查核实，必要时，可请求市环保局给予帮助。对于较大、重大突发环境事件，由区政府组织先期调查核实，市环保局负责最终调查核实。对于特别重大突发环境事件，在国家突发环境事件应急指挥机构成立前，配合市指挥部负责组织先期调查核实。,哪个机构负责最终调查核实？,市环保局
70,4.2.1 突发环境事件发生后，事发单位应立即启动本单位应急预案，全力组织开展救援；采取污染防治措施，控制危险源，严防污染物进入外环境，防止次生灾害的发生和危害的扩大。,哪个单位组织开展救援？,事发单位
71,2.1.4必要时，由领导小组会同有关部门报请市教委应急指挥中心，启动江州市教育系统大规模群体性突发事件应急预案。,哪个机构启动江州市教育系统大规模群体性突发事件应急预案？,市教委应急指挥中心
72,若发生重大事件，相应处置工作组人员要及时深入事发单位，现场指导，并采取有效措施，控制事态的蔓延和扩大。对在群体性事件中别有用心、蓄意破坏、危及公共安全的极个别人，要报请公安部门，严格控制和监视。各学校立即启动本单位的应急预案，严格校门管理，防止学生串联和外出集会、游行，防止社会闲杂人员进入；单位的党政领导、班主任要深入学生班级、面对面地做好学生的教育疏导工作。,谁要做好学生的教育疏导工作？,党政领导||班主任
73,较大事件发生后，处于局部聚集状态时，学校有关部门应立即向学校党政领导报告，学校党政领导立即研究决定启动应急预案并将有关情况向区教育局应急领导小组报告。同时，根据事件引发原因，通知与事件直接有关的部门负责人及其主管校领导到场，对原因清楚、能够立即处理的问题，要及时依法妥善处理；对原因不详、需要一定时间进行调查处理的，要通过班主任向学生做好解释工作，使学生及时了解事实真相，尽快实现思想转变，理解和支持学校的决策和决定，与学校保持一致，并对聚集学生进行分隔、疏导和疏散，恢复正常秩序。相应处置工作组人员及时深入事发学校，现场指导处置工作。,哪个机构对聚集学生进行分隔？,学校有关部门
74,（1）学校、幼儿园突发火灾事故，要立即启动应急预案，全力组织人员疏散和自救工作，同时，要在第一时间内向当地消防119指挥中心报警。局主要领导和相关科室要在第一时间亲临现场组织教职员工开展救人和灭火工作，并在消防队伍到现场后，主动提供有关信息，配合消防人员救人和灭火抢险工作；,谁组织人员疏散？,学校||幼儿园
75,（1）中小学校和幼儿园要加强对学生的教育和管理，及时排查拥挤踩踏事故隐患，坚决避免拥挤踩踏事故发生；,谁要加强对学生的教育？,中小学校||幼儿园
76,（2）学校楼梯间发生拥挤踩踏事故，事发学校要迅速开展现场疏导和救护工作；并立即向医疗急救部门报告求援，向区教育局主要领导报告；,哪个机构开展现场疏导？,事发学校
77,（3）局主要领导和相关科室在第一时间到达一线指挥，根据事故启动应急预案，控制局势，制止拥挤，做好人员疏散工作，组织人员对受伤者进行人工呼吸、止血等应急抢救处置，尽快将伤病员送往医院抢救，妥善安置伤病员，必要时请求区委、区政府支援帮助；,哪个机构安置伤病员？,局主要领导||相关科室
78,（6）对发生有毒物质污染可能危及师生生命财产安全的，学校应立即采取相应有效措施，控制污染事故蔓延，并及时报告区政府启动相应应急预案，必要时应疏散或组织师生撤离；,哪个机构控制污染事故蔓延？,学校
79,（1）学校校园发生恶性交通事故，遇有学生、教职工死亡、受伤等情况，学校领导要在第一时间赶到现场，组织抢救，立即向医疗急救部门求助，向公安部门报告，并向区教育局报告，区教育局主要领导和有关科室立即前往现场；,谁组织抢救？,学校领导
80,（3）学校有关部门协助公安部门及时查明事故情况；涉及外籍师生的，要尽快按规定报告各级外事部门。,哪个机构查明事故情况？,公安部门
81,（1）学校举办的各类大型文体活动，必须按有关规定做好专项安全保卫方案，落实安全保卫措施；,学校落实了什么措施？,安全保卫措施
82,（3）活动组织者和安全工作负责人要稳定现场秩序，根据室内、室外不同情况组织师生有序疏散逃生，担负起保护学生生命安全的责任，尽力避免继发性灾害；,谁组织师生有序疏散逃生？,活动组织者||安全工作负责人
83,（4）区教育局主要领导和学校领导要在第一时间赶赴现场，亲临一线，靠前指挥，组织疏导、抢救伤病员，要在第一时间向区政府和公安云川分局等有关部门报告，积极争取区委、区政府和有关部门的支援帮助，并向市教委报告。,哪个机构抢救伤病员？,区教育局主要领导||学校领导
84,（1）学校后勤各部门要做好教学楼、宿舍、食堂、服务中心等重点场所以及供水、供电、供暖和通讯保障部门的突发事件防范工作，对重点场所和关键部位要加强检查，严格落实各项安全管理制度和操作规程，确保各种服务设施的安全运行，保障师生员工的身体健康和生命安全；,哪个机构落实各项安全管理制度？,学校后勤各部门
85,（2）发生供水管漏水、电路漏电、断电、燃气泄漏等重大事故时，区教育局主要领导和学校有关领导要立即到现场，组织人员迅速采取应急措施，进行抢修和抢救，控制事态，必要时请求当地有关专业部门支持，力争在最短的时间内恢复正常；,谁进行抢修？,区教育局主要领导||学校有关领导
86,（2）分级负责。按照“谁主管谁负责，谁运营谁负责”的原则，建立和完善安全责任制。各部门应积极支持和协助应急处置工作。,哪个机构协助应急处置工作？,各部门
87,2.1网络与信息安全应急领导组组长：区教育局主管安全的领导，成员：教育局信息中心所有人员。负责网络与信息安全应急响应工作的整体规划、组织协调和决策指挥。,谁担任网络与信息安全应急领导组组长？,区教育局主管安全的领导
88,（2）应急领导小组接到报告后，应迅速召开应急领导小组会议，研究确定网络与信息安全突发公共事件的等级，根据具体情况启动相应的应急预案，并向上级相关部门进行汇报。,应急领导小组召开了什么会议？,应急领导小组会议
89,（2）发现在网上出现非法信息时，网站管理员立即向信息安全领导小组通报情况，并作好记录。清理非法信息，采取必要的安全防范措施，将网站、网页重新投入使用；情况紧急的，应先及时采取删除等处理措施，再按程序报告。,谁清理非法信息？,网站管理员
90,（4）日常应急办公室负责恢复与重建被攻击或被破坏的系统，恢复系统数据，并及时追查非法信息来源。,哪个机构负责重建被攻击或被破坏的系统？,日常应急办公室
91,（2）一旦数据库崩溃，管理员应立即进行数据及系统修复，修复困难的，可向信息安全领导小组汇报情况，以取得相应的技术支持。,谁进行数据及系统修复？,管理员
92,（4）在取得相应技术支援也无法修复的，应及时向信息安全领导小组组长或领导报告，在征得许可、并可在业务操作弥补的情况下，由日常应急办公室信息安全岗人员利用最近备份的数据进行恢复。,谁利用最近备份的数据进行恢复？,日常应急办公室信息安全岗人员
93,（3）如果是信息中心外部的原因，由应急办公室立即与供电局联系，请供电局迅速恢复供电；如果供电局告知需长时间停电，提前做好存档工作。,哪个机构恢复供电？,供电局
94,预案启动后，立即成立由应急领导小组领导带队的应急响应先遣小组，督促、指导和协调处置工作。应急领导小组根据事态的发展和处置工作需要，及时增派专员小组，调动必需的物资、设备，支援应急工作。,应急领导小组调动了什么？,物资||设备
95,（2）应急领导小组要明确信息采集、编辑、分析、审核、签发的责任人，做好信息分析、报告和发布工作。,谁要做好信息分析？,应急领导小组
96,1.4.3统一指挥，快速反应。在区委、区政府的领导下，区教育局建立区教育系统抗震减灾工作领导小组，并建立健全快速反应机制。确保地震发生后的快速反应、正确应对、果断处置。,区教育局建立了什么队伍？,区教育系统抗震减灾工作领导小组
97,云川区教育系统抗震减灾应急管理工作根据需要设立相应的处置工作组，云川区教育系统抗震减灾应急管理工作领导小组办公室履行信息汇总和综合协调职责，发挥运转枢纽作用。各工作组组成及职责分工如下：,云川区教育系统抗震减灾应急管理工作领导小组办公室履行什么职责？,信息汇总||综合协调
98,（1）抢险救援组。由政策法规科牵头，党政办公室、教育科、德育与体卫艺科、教育综合服务中心等部门组成。,教育科是哪个组织的成员？,抢险救援组
99,（2）生活保障组。由财务基建科牵头，人事科、德育与体卫艺科、教育综合服务中心、审计督导科等部门组成。,审计督导科是哪个组织的成员？,生活保障组
100,（3）医疗救治和卫生防疫组。由教育综合服务中心牵头，党政办公室、人事科、财务基建科和等部门组成。,人事科是哪个队伍的成员？,医疗救治和卫生防疫组
101,（4）基础设施保障和恢复组。由财务基建科与党政办公室牵头，政策法规科和教育综合服务中心等部门组成。,教育综合服务中心是哪个队伍的成员？,基础设施保障和恢复组
102,（5）治安消防组。由政策法规科牵头，财务基建科、德育与体卫艺科与教育综合服务中心等部门组成。,财务基建科是哪个队伍的成员？,治安消防组
103,（7）信息发布及宣传报道组。由党政办公室牵头，教育综合服务中心、德育与体卫艺科、教育科、政策法规科等部门组成。,政策法规科是哪个队伍的成员？,信息发布及宣传报道组
104,地震发生后，各校将信息在第一时间内向区教育局应急管理工作领导小组办公室和属地镇政府、街道办报告。办公室接报后，立即报告领导小组，领导小组统一决策、组织、指挥全区教育系统的抗震减灾应急相应行动，下达应急处置任务，由处置工作小组执行处置任务。,领导小组下达了什么任务？,应急处置任务
105,区教育局成立云川区教育系统防汛抗旱工作领导小组，由云川区教育局主要负责人任组长，党政办公室主任任副组长，局机关各科室（部门）负责人、各镇教育组总校长以及局直属单位校（园）长为成员。区教育局防汛抗旱工作领导小组组织、协调全区教育系统的防汛抗旱工作，督促各校落实防汛抗旱各项措施。督促、指导各校开展防汛抗旱知识教育、安全警示宣传、应急演练和各校台风、暴雨红色预警或I级响应期间停课的发布、组织和保障等相关工作。重大汛情、灾情发生时，协调、协助相关部门开展应急处置工作。,副组长由谁担任？,党政办公室主任
106,各校要成立防汛抗旱工作领导小组，在区委、区政府和区教育局防汛抗旱指挥机构的领导下，组织、指挥、协调本校的防汛抗旱和抢险救灾工作。学校主要负责人负总责。各校应组织制订完善防汛抗旱预案，建立健全各级安全责任制，设置安全管理机构或配备专兼职安全管理人员。构建以年级组长、班主任、安全员为主体的防汛抗旱安全预警体系。,各校要成立什么队伍？,防汛抗旱工作领导小组
107,（1）区教育局进入Ⅳ级应急响应状态，防汛抗旱责任人、联络员保持24小时通信畅通，并向全区教育系统发布有关预警信息和防汛抗旱工作安全提示。,谁发布有关预警信息？,防汛抗旱责任人||联络员
108,（1）各校注意收听、收看区气象部门及区教育局发布的恶劣天气预报，及时掌握预警信息和防汛抗旱提示，熟悉应急预案。,区气象部门及区教育局了什么信息？,恶劣天气预报
109,（2）学校做好排水防涝准备工作，重点落实学校教学和学生生活场所、校内易积水区域、地下空间等关键部位的防积水和紧急排水措施。,学校做好什么工作？,排水防涝
110,（5）各校抢险队伍进入应急准备状态，组织巡检，确保在第一时间内完成抢排积水、道路清障、应急抢修等工作。,哪个队伍组织巡检？,各校抢险队伍
111,（1）区教育局进入Ш级应急响应状态，加强24小时值班，单位负责人进岗带班，密切与市防汛、气象部门的信息沟通，向全市教育系统发布有关预警信息和防汛抗旱提示，督促、各校落实防汛抗旱措施。,单位负责人向全市教育系统发布了什么信息？,预警信息||防汛抗旱提示
112,（1）区教育局进入Ⅱ级应急响应状态，加强24小时值班，单位主要负责人进岗带班，向全区教育系统发布有关预警信息和防汛抗旱提示。按照职责分工，组织督促检查、各校防汛抗旱工作落实情况，并根据市、区两级防指指令，实施防汛抢险和各项应急处置工作。,谁实施防汛抢险工作？,单位主要负责人
113,（7）已被政府设定为临时避险场所的学校要协助职能部门做好安置灾民和赈灾救济工作。,哪个机构做好赈灾救济工作？,职能部门
114,（1）当日上午6:00前区气象台发布台风、暴雨红色预警信号，且在6:00仍维持的，区域内各级各类学校、幼儿园（以下统称学校）应于当日全天停课。,哪个机构发布暴雨红色预警信号？,区气象台
115,未启程上学的学生不必到学校上课；上学途中的学生应当主动采取安全避险措施；在校学生应当服从学校安排，学校应对在校学生做好安全防护措施。,学生采取了什么措施？,安全避险措施
116,（2）各校根据台风、暴雨红色预警期间的停课安排在区教育局领导下采取停课或其他保护措施。,各校采取什么措施？,停课或其他保护措施
117,当应急处置工作结束或者气象、防汛部门解除有关预警信号后，由区教育局宣布解除应急状态，各单位、学校转入常态管理；各校组织开展各项善后处理工作，恢复正常教育教学、工作和生活秩序。,气象部门解除了什么？,有关预警信号
118,党政办公室、信息中心配合区委宣传部负责组织、协助食品安全事故的信息发布和新闻宣传工作，做好网络舆论引导和舆情监管工作。,哪个机构协助食品安全事故的信息发布？,区委宣传部
119,政策法规科负责食品安全事故中现场秩序的维护，保障工作中协调少数民族学生的民族性问题，做好校园的保卫及安全工作。,政策法规科协调了什么问题？,少数民族学生的民族性问题
120,财基科负责协调学校做好食品安全事故应急保障资金及所必需的日常管理资金的筹集、保障，并对资金使用进行监督。,学校监督了什么？,对资金使用进行监督
121,各教育组按照属地管理原则，负责组织辖区学校食品安全突发事件的先期处置和应对工作。,哪个机构负责组织辖区学校食品安全突发事件的先期处置？,辖区学校
122,食品安全事故处置工作结束后，区教育局和镇教育组配合市场监管部门组织有关单位及时对食品安全事故应急处置工作进行评估，总结经验教训，分析事件原因和影响因素，提出对类似事件的防范和处置建议，完成总结评估报告。,哪个机构对食品安全事故应急处置工作进行评估？,有关单位
123,各学校、幼儿园定期开展符合本单位实际的食品安全事故相关应急预案的演练，检验提升应对能力。加强对演练效果的总结评估，优化提升应急预案。,各学校开展了什么？,食品安全事故相关应急预案的演练
124,江州市重污染天气应急指挥部发布重污染天气预警时，全区中小学、职业学校、幼儿园、托幼点（以下统称学校）的应急工作适用本预案。,江州市重污染天气应急指挥部发布了什么信息？,重污染天气预警
125,在区重污染天气应急指挥部统一领导下，区教育局成立重污染天气应急工作领导小组，负责指挥协调全区教育系统重污染天气应对工作，对处置相关应急事项进行决策，发布、解除预警，督导学校重污染天气应急管理和信息公开等工作。,哪个机构督导学校重污染天气应急管理？,重污染天气应急工作领导小组
126,区教育局应急领导小组下设办公室，办公室设在区教育局政策法规科，办公室主任由政策法规科负责人兼任。,办公室主任由谁担任？,政策法规科负责人
127,（2）学校应根据预警级别减少或停止学生、幼儿户外运动，组织学生在室内上好体育课或开展健康教育活动。,学校开展了什么活动？,健康教育活动
128,（4）非寄宿制学校应在重污染天气停课期间开展线上授课；督促家长做好重污染天气停课期间学生在家的安全管理工作；寄宿制学校要妥善安排在校学生的学习生活，科学组织教育教学活动，维护学校正常的教学和生活秩序。,哪个机构开展线上授课？,非寄宿制学校
129,（1）禁止所有大型户外集体活动。非寄宿制学校应当临时停课或调课。寄宿制学校停止户外活动。停课期间，非寄宿制学校应按照“停课不停学”的原则，通过网络、通讯等途径与家长及学生保持联系，提出可参考的合理化学习建议；教师要合理调整教学方式，灵活安排学习内容，指导学生充分利用网络平台和数字化资源开展自主学习；督促家长做好对孩子教育管理。做好因未接到停课通知到校中小学学生和到园儿童的教育管理工作。寄宿制学校要合理安排室内教育教学活动，停止学生户外运动，妥善安排在校学生的生活。,非寄宿制学校停止了什么？,停止户外活动
130,各学校应及时向师生和家长公开大气质量信息。公开内容包括主要污染物、影响范围及趋势、可能持续时间、潜在的危险程度、已采取的应急措施等。,各学校向师生和家长公开什么信息？,大气质量信息
131,破坏性自然灾害发生后，在区政府统一部署下，我系统应急管理工作领导小组和各基层单位立即启动相应级别的应急预案。,哪些机构启动相应级别的应急预案？,我系统应急管理工作领导小组||各基层单位
132,相应处置工作组接报后，立即与灾区取得联系，深入灾区及时了解灾情及受灾区单位的运转能力，并据实部署工作；处置工作组要密切配合灾区单位收集灾情数据，组织开展应急工作，并将灾情和应急情况及时报领导小组办公室，提出自然灾害趋势估计和应急工作的建议；视需要调用(组织)力量到灾区协助或具体组织开展应急救灾工作；召开紧急会议，通报灾情，布置工作；协助上级救灾指挥机构领导、指挥和组织协调我系统的应急工作。,哪个机构组织开展应急工作？,灾区单位
133,各单位在区教育系统应急指挥中心的统一指挥下，首先做好本单位的抢险救灾及自救、互救工作，同时配合相关部门做好如下工作：伤员抢救与工程抢险、医疗救护与卫生防疫、城市基础设施抢险与应急恢复、粮食食品物资供应、师生安置、维护校园治安、消防安全、次生及衍生灾害防御、灾害损失评估等。,哪个机构要做好伤员抢救与工程抢险？,相关部门
134,1.4.1统一领导，快速反应。区教育局、学校分别成立突发公共卫生事件应急处置工作领导小组，在领导小组统一领导下，与卫健委和市场监管局等部门密切配合，全面负责本区域教育系统应对突发公共卫生事件的处置工作，形成处置突发公共卫生事件的快速反应机制，确保发现、报告、指挥、处置等环节的紧密衔接，做到快速反应，正确应对，果断处置。,区教育局成立了什么？,突发公共卫生事件应急处置工作领导小组
135,1.4.2分级负责，属地管理。教育系统发生突发公共卫生事件后，应遵循属地化管理原则，区教育局和学校应在区委和区政府的统一领导下，及时采取应急响应措施，并逐级及时报告市教委。,哪个机构采取应急响应措施？,区教育局||学校
136,1.4.3预防为主，及时控制。立足于防范，抓早、抓小，区教育局和学校认真排查各类卫生安全隐患，强化信息的广泛收集，对各类可能引发突发公共卫生事件的情况及时进行分析、预警，落实各项防范措施，做好人员、技术、物资和设备的应急储备工作，做到早预防、早发现、早报告、早处理，把事件危害降低到最低程度。,区教育局排查了什么问题？,各类卫生安全隐患
137,1.4.4系统联动，群防群控。发生突发公共卫生事件后，学校（幼儿园）负责人要立即深入第一线，掌握情况，开展工作，控制局面。区教育局保健所、教育综合服务中心要及时与学校联系，协助并指导应急处置工作；或赶赴现场直接参与实施应急处理。学校和教育局要迅速与卫生、市场监管等部门联系，形成各级各部门系统联动，群防群控的有效处置工作格局。,哪个机构指导应急处置工作？,区教育局保健所||教育综合服务中心
138,学校传染病类、学校食品安全类突发公共卫生事件工作组办公室设在教育综合服务中心，办公室主任由该中心主要负责人兼任。,教育综合服务中心主要负责人担任了什么职位？,办公室主任
139,学校成立由主要领导负责的突发公共卫生事件应急处置工作领导小组，具体负责落实学校突发公共卫生事件应急处置工作。,突发公共卫生事件应急处置工作领导小组负责落实什么工作？,学校突发公共卫生事件应急处置
140,江州海关及各隶属海关应急指挥部应当不断完善通信通讯保障机制，利用视频监控、无线通讯等手段确保在任何情况下，上下级应急指挥部之间至少有一种通讯方式畅通。,江州海关及各隶属海关应急指挥部完善了什么措施？,通信通讯保障机制
141,江州海关及各隶属海关应结合本关区实际情况及面临形势，定期组织开展现场关员反恐技能培训和实操演练，提高关员防范恐怖袭击的意识，增强应对恐怖袭击事件的处置能力，切实提升应急工作水平。,哪个机构开展现场关员反恐技能培训？,江州海关及各隶属海关
142,江州海关及各隶属海关应当为反恐基础建设、设备设施配备、培训演练等提供经费支持，并保障应急工作所需经费。,江州海关及各隶属海关提供了什么？,经费支持
143,各隶属海关应根据形势变化和实际需要，及时修订和更新本级相关应急预案，并报行邮处备案。,各隶属海关修订什么方案？,本级相关应急预案
144,2.1.3.1办公室：接报突发事件情报，协调应急指挥系统运行，承办应急指令下达，组织应急工作总结、通报，组织、指导新闻发布和舆情监测，承担突发事件中涉及对外部门事务的联系和协调等。,哪个机构协调应急指挥系统？,办公室
145,2.1.3.5监管处：负责组织、实施、协调发生在海关货运口岸监管作业现场突发事件的具体应急处置工作。,监管处协调什么工作？,发生在海关货运口岸监管作业现场突发事件的具体应急处置工作
146,2.1.3.6缉私局：负责提供预警性情报，协助有关部门开展突发事件的侦查和调查工作等。,哪个机构提供预警性情报？,缉私局
147,2.1.3.10风控分局：负责根据业务职能部门提出的突发事件处置需求，调整布控规则、统一下达风险作业指令和风险预警；收集防控信息。,哪个机构调整布控规则？,风控分局
148,应急工作组，主要负责参与事发地海关组织开展的突发事件应急处置工作，跨关区应急队伍的现场指挥和调度，向应急指挥部及时报告现场有关情况，承办突发事件应急指挥部交办的其他工作。,应急工作组参与什么工作？,事发地海关组织开展的突发事件应急处置工作
149,（1）综合协调组：负责起草重要报告、综合类文件；根据应急指挥部和其他应急工作组的要求，统一向海关总署和其他相关部门报送应急工作的信息和文件；承办应急指挥部交办的其他工作。【监管处牵头】,哪个机构起草重要报告？,综合协调组
150,（3）新闻发布组：负责突发事件应急处置的舆情监测、引导和新闻发布，按照相关规定适时组织起草、报审新闻稿件，并及时向新闻媒体和公众发布，引导舆论。【办公室牵头】,哪个机构负责对突发事件应急处置的舆情监测？,新闻发布组
151,突发事件发生后，事发地海关在向上级海关单位报告的同时，要根据职责和规定的权限启动相关应急处置预案或工作制度，及时、有效地进行处置，控制事态。要立即组织本单位应急救援队伍和工作人员营救受害人员，疏散、撤离、安置受到威胁人员；隔离危险源，标明危险区域，封锁危险场所，加强机要信息等重点、敏感场所和设备的安全保护；必要时寻求地方公安部门等专业救援处置力量的支持，以及采取其它防止危害扩大的必要措施。在向应急办公室和江州海关总值班室报告的同时，本级应急指挥部视突发事件危急程度和特点，可派出现场指挥员靠前指挥，同时报地方应急管理部门。,哪个机构启动相关应急处置预案？,事发地海关
152,（1）发现火情，现场值班人员应立即切断电源，根据火情，在组织自行灭火的同时，立即通知消防部门灭火。,现场值班人员组织什么工作？,灭火
153,本预案突发事件应急处置工作结束，或相关威胁和危害得到控制、消除后，应急指挥部可终止应急处置工作，或逐步停止有关应急处置措施。应急结束后，应急指挥部召集有关单位对处置工作进行全面总结，积累经验，发现问题，提出改进措施，补充完善预案。,哪个机构终止应急处置工作？,应急指挥部
154,（2）突发事件的信息发布需由海关负责发布的，应按照海关对外宣传和政务公开纪律，由办公室研究制订信息公开和对外宣传口径，报关领导批准后统一对社会发布。社会影响大、情况严重的突发事件，对外发布形式和口径需报海关总署审批。,哪个机构发布突发事件的信息？,海关
155,（3）如有需要，经关领导同意，由办公室组织召开新闻发布会，主动组织新闻记者采访，引导正确舆论导向。,办公室组织什么工作？,新闻记者采访
156,（1）各隶属海关主要负责人为本部门货运口岸监管作业现场突发事件应急工作第一责任人，相关监管部门主要负责人为货运口岸监管作业现场突发事件应急工作联系人；,各隶属海关主要负责人担任什么职务？,本部门货运口岸监管作业现场突发事件应急工作第一责任人
157,（2）各隶属海关应建立应急预备队，并可根据关区实际需要，组建各类专职或兼职应急救援队伍。,哪个机构建立应急预备队？,各隶属海关
158,（3）各隶属海关应建立与处置以上突发事件有关的政府部门、机构、专家、设备供应商等的联系渠道，建立社会化应急联络保障机制。,各隶属海关建立什么机制？,社会化应急联络保障机制
159,财务处和后勤中心根据实际应急需要确定、落实资金、物资及通勤保障，应急指挥部负责监督应急物资与资金储备情况。科学合理确定物资储备的种类、方式和数量，同时加强对应急物资的采购、储备、管理等环节的监督检查。,应急指挥部负责什么工作？,监督应急物资与资金储备情况
160,各隶属海关应当建立应急演练制度，制定每年的演练计划，根据实际情况采取实战演练、桌面推演等方式，组织开展人员广泛参与、处置联动性强、形式多样、节约高效的应急演练，以检验、改善和强化应急响应和应急处置的能力。应至少每年进行一次应急演练。,各隶属海关制定什么计划？,每年的演练计划
161,根据海关总署相关应急预案的统一部署，将海关口岸监管环节恐怖袭击事件应急组织指挥体系分为三级，由海关总署、直属海关和隶属海关构成。,海关总署是哪个机构的成员？,海关口岸监管环节恐怖袭击事件应急组织指挥体系
162,江州海关成立本级货运口岸监管环节恐怖袭击事件应急指挥部（以下简称“货运口岸应急指挥部”），按照海关总署的部署组织开展工作，统筹协调和指挥本级海关管辖范围内货运口岸监管环节的恐怖袭击事件应急工作，并指导相关隶属海关开展工作。,江州海关成立什么机构？,本级货运口岸监管环节恐怖袭击事件应急指挥部
163,1．办公室。负责与海关总署办公厅保持密切联系，配合海关总署办公厅做好恐怖袭击事件的新闻发布和舆情监测等，组织实施江州海关总体应急工作。,办公室实施什么工作？,江州海关总体应急工作
164,4．卫生处。负责指导现场海关配合专业力量完成应对恐怖袭击的相关疫情信息监测与分析评估、疫情防控与卫生处理工作。,哪个机构负责卫生处理？,卫生处
165,5．动植处。负责受恐怖袭击事件影响的出入境动植物及其产品的相关信息收集、善后处置、调查评估等工作。,哪个机构负责调查评估？,动植处
166,8．监管处。负责江州海关货运口岸监管环节应急指挥部具体工作，组织开展恐怖袭击事件预警分析，接受海关总署应急指令，沟通协调系统内外相关部门，事后组织进行工作总结，以及本预案的统筹管理和培训演练部署。,监管处开展什么工作？,恐怖袭击事件预警分析
167,9．缉私局。负责收集恐怖袭击事件情报，协助有关部门开展恐怖袭击事件的侦查和调查工作等，配合实施现场管制措施。,缉私局实施什么措施？,现场管制措施
168,江州海关及各隶属海关要针对各种可能发生的恐怖袭击事件，组织开展预警工作，密切关注国内外特别是属地涉恐事件的信息和动态，跟踪和掌握恐怖袭击事件发展动向。预警信息来源主要包括：,哪个机构开展预警工作？,江州海关||各隶属海关
169,恐怖袭击事件发生后，事发地海关在向上级海关报告恐怖袭击事件的同时，由本级应急指挥部启动应急预案。,哪个机构启动应急预案？,本级应急指挥部
170,4．发生砍杀冲撞类恐怖袭击事件。为防止事态蔓延，海关关员应充分利用现场反恐防暴、消防等设备设施开展人员互助与自救，协助组织力量抢救伤员送医，及时疏散人群，有序撤离，协助维护现场秩序。,哪个机构协助维护现场秩序？,海关关员
171,江州海关及各隶属海关应及时总结恐怖袭击事件的经验教训，完善相关应急预案及工作措施。,江州海关完善什么方案？,相关应急预案
172,江州海关及各隶属海关应健全交通应急疏导机制，合理规划遭遇恐怖袭击事件后的人员疏散路线图和应急通道，予以标识或提示，并做好所需应急交通运输工具的保障工作。,各隶属海关健全什么机制？,交通应急疏导机制
173,各隶属海关应依照海关总署相关预案和本预案，制定本级海关货运口岸监管环节恐怖袭击事件应急预案，报监管处备案。,各隶属海关制定什么方案？,本级海关货运口岸监管环节恐怖袭击事件应急预案
174,根据应急工作需要，可设立综合协调、业务处置、舆情应对、后勤保障等应急工作组，具体应急工作组由食品处牵头各相关处室，承担江州海关指挥部布置的各项工作。,应急工作组承担什么工作？,江州海关指挥部布置的各项工作
175,江州海关指挥部负责贯彻落实总署食品安全专项指挥部关于突发事件处置的有关指示和要求；统一领导江州海关突发事件的应急处置工作，发布指挥调度命令，确定突发事件处置的各项重大决策，指导和监督检查各隶属海关指挥部做好突发事件应急处置工作；负责组织、协调、开展应急处置行动，制定评估、预防、应对、处置事件发生的措施与方案；调整、终止相应的应急响应和处置行动；按照总署授权发布相关信息、新闻、公告，及时向总署食品安全专项指挥部报告应急工作情况；负责与海关外部相关部门和相关地方人民政府的沟通协调配合；必要时，派出现场工作组到现场指导有关工作；制定其他必要的应急处置行动方案并组织实施。,哪个机构领导江州海关突发事件的应急处置工作？,江州海关指挥部
176,（1）食品处：承担江州海关指挥部办公室的职能，负责牵头协调以及组织进出口食品安全突发事件的应对工作。,食品处承担什么职责？,江州海关指挥部办公室的职能
177,（10）后勤中心：负责协助机关办公区域突发事件的处置工作；负责协助应急物资供应和生活保障等。,哪个机构负责协助应急物资供应和生活保障？,后勤中心
178,（2）业务处置组：处理应急期间业务指导和业务协调工作，及时全面地掌握各项业务在应急工作中的开展情况；会同有关部门调查进出口食品安全突发事件的发生原因，评估事故影响，尽快查明原因，作出调查结论，提出应对意见，预防影响扩大。,哪个机构掌握各项业务在应急工作中的开展情况？,业务处置组
179,（3）舆情应对组：负责突发事件应急处置的舆情监测、引导和新闻发布，按照相关规定适时组织起草、报审新闻稿件，并及时向新闻媒体和公众发布，引导舆论。,哪个机构负责突发事件应急处置的舆情监测？,舆情应对组
180,（4）后勤保障组：负责应急物资的采购与安排调配工作；负责应急处置期间的后勤保障等。,后勤保障组负责什么工作？,应急处置期间的后勤保障
181,隶属海关应当成立突发事件应急指挥部，由隶属海关主要领导负责，有关部门的负责人参加。,隶属海关成立什么机构？,突发事件应急指挥部
182,成立江州市靖林区重大道路交通事故应急总指挥部（以下简称总指挥部），办公室设在区人民政府应急管理办公室，统一领导指挥靖林区重大道路交通事故的应急处置工作。总指挥部总指挥由区人民政府分管公安工作的副区长担任，公安分局分管副局长和区政府办协调副主任任副总指挥。,区人民政府分管公安工作的副区长担任什么职务？,总指挥部总指挥
183,总指挥部下设分指挥部办公室，办公室设在公安分局联合作战指挥中心。办公室主任由公安分局分管副局长担任。指挥部办公室主要负责事故接报、上报，协调有关部门参与指挥、救援，组织开展事故调查；组织修订区重大道路交通事故应急预案，并组织宣传教育和应急演练等工作；负责专家组的建设管理工作；承办总指挥部交办的其他工作。,总指挥部下设什么机构？,分指挥部办公室
184,区委宣传部：负责发布事故信息，及时引导舆论；协调相关新闻单位做好对外宣传工作，指导网信办做好网上舆情监控与引导。,区委宣传部负责什么工作？,发布事故信息
185,区公安分局：负责承担分指挥部办公室工作，组织交管、治安等部门和有关功能区、街镇、公安分局进行现场及周边治安秩序维护，禁止无关人员及车辆进入警戒区域，为应急人员及车辆开辟“绿色通道”；加强社会面巡逻防控和网上舆情监控，严厉打击造谣惑众、恶意传播有害信息、故意制造混乱等违法犯罪活动以及安全警戒。,区公安分局承担什么工作？,分指挥部办公室工作
186,区公安分局交警支队：开展事故现场勘查、取证，事故原因调查分析，事故现场及周边交通管制、疏导，保障应急通道畅通以及对应急救援车辆实施引导工作。,哪个机构开展事故现场勘查？,区公安分局交警支队
187,区消防支队：负责组织应急救援队伍赶赴现场承担救援应急处置工作；负责交通事故现场的人员搜救及灭火等救援工作，破拆变形事故车辆，在特定情况下协助有关单位和其他专业队伍排除载运易燃、易爆、剧毒、腐蚀性等危险化学品车辆因事故造成的险情。,应急救援队伍承担什么工作？,救援应急处置
188,区司法局：负责根据有关法律规定，向事故当事人提供必要的法律援助，组织事故损害赔偿人民调解工作。,区司法局组织什么工作？,事故损害赔偿人民调解工作
189,区交通局：负责事故应急救援工作中的道路交通保障工作，组织协调有关单位提供运输车辆，及时转运事故现场人员及物资；参与营运客车重特大道路交通事故和危险化学品运输车辆事故的调查处理工作；负责协助公安部门组织调用施救工程设备，配合公安部门对事故现场道路实施管制、疏导和保护；及时修复损坏道路，保证道路畅通；开辟快捷通道，保障抢救车辆和物资运输车辆通行；对运输企业和经营业主进行整顿，在驾驶员培训中开展道路交通安全教育和应急知识培训；事故涉及的道路桥梁抢修及保通工作及时整改道路危险点段。,区交通局负责什么工作？,事故应急救援工作中的道路交通保障工作
190,区卫计委：负责组织交通事故中受伤人员的现场医疗救治、转运、院内救治和现场卫生防疫等工作，及时向总指挥部报告伤员数量及医疗救治情况，确保“生命通道”畅通无阻。,哪个机构组织交通事故中受伤人员的现场医疗救治？,区卫计委
191,区供电公司：负责交通事故现场供电公司所属产权的电力设施抢修，排除电力设施安全隐患，为抢险提供电力保障。,哪个机构负责排除电力设施安全隐患？,区供电公司
192,与事发企业相关的保险机构根据有关规定和程序及时开展理赔工作；区民政局做好伤亡人员的善后处置工作；发生事件的公共汽车企业配合相关单位做好事故伤亡人员家属的安抚和赔偿工作。,由哪个机构做好伤亡人员的善后处置工作？,区民政局
193,区指挥部办公室和公共汽车企业应加强安全知识宣传工作，及时向公众宣传城市公共汽车安全及应急的基本知识，新闻、出版、教育等部门应为公共汽车安全知识宣传提供便利。,区指挥部办公室向公众宣传什么知识？,城市公共汽车安全及应急的基本知识
194,区指挥部办公室、公共汽车企业制定具体的公共汽车运营突发事件应急演练计划，根据区指挥部的安排，定期组织应急演练。,由哪个机构制定具体的公共汽车运营突发事件应急演练计划？,区指挥部办公室||公共汽车企业
195,8.2.2 各镇乡人民政府、各成员单位按照本预案确定的职责，制定本镇乡、本单位公共汽车运营突发事件应急预案，并报区指挥部办公室备案。公共汽车企业根据本预案编制本单位的公共汽车运营突发事件应急预案。,公共汽车企业需编制什么预案？,公共汽车运营突发事件应急预案
196,在区政府统一领导、区安委会组织协调下，各委办局、企事业单位按照各自职责和权限，负责有关安全生产事故应急管理和应急处置工作。事故处置按照“就地、就近、快速、有效”的原则，实行行政领导负责制，同时充分发挥企业的自救作用。,哪个机构接受区政府领导？,各委办局||企事业单位
197,琅琊区安全生产应急指挥部作为我区安全生产事故应急管理的最高领导机构，总指挥由区安委会主任（区长：袁家健）担任，安委会副主任（安监局长：于学民）任副总指挥。安全生产应急指挥部组成人员由区安委会领导成员、安监局、公安琅琊分局、消防琅琊支队、交管琅琊支队、卫生局、环保局、经贸委、质监局、财政局、建委及相关委办局和区政府公共突发事件应急领导机构的负责同志组成。区安全生产指挥部下设安全生产应急救援指挥办公室（即区安委会办公室：于学民），具体承担安全生产事故应急管理工作。,我区安全生产事故应急管理的最高领导机构是哪个机构？,琅琊区安全生产应急指挥部
198,按照应急预案规定，履行安全生产应急综合监督管理的行政职能，负责全区工业商贸、危险化学品等行业的安全事故应急救援、日常监督管理和协调工作；统一规划全区安全生产应急救援力量和资源。配合上级安全生产应急救援指挥中心组织、指挥、协调重特大安全生产事故应急救援工作、实施跨区域应急增援。,安全生产应急救援指挥中心组织哪项工作？,重特大安全生产事故应急救援工作
199,（1）危化品事故处置组：由区安全生产监督管理局负责制定、评估危险化学品事故应急处置指导方案；在发生特大、特别重大生产安全事故时，负责现场危化品事故应急处置的技术支持。,由哪个机构负责制定危险化学品事故应急处置指导方案？,区安全生产监督管理局
200,（2）建筑工程：区建委负责制定建筑工程特大事故的处置预案及救援技术处置措施、方法，并参与现场事故应急处置工作。,由哪个机构负责制定建筑工程特大事故的处置预案？,区建委
201,一旦发生安全生产事故，事故单位负责人必须立即报告当地区政府、区安监和行业主管部门，并根据事态发展随时续报和详报。当地政府及有关部门应当逐级上报事故情况，并应最迟在2小时内报告市安全生产应急救援指挥中心；爆炸、群死群伤等重大、紧急情况要立即上报市安全生产应急救援指挥中心。报特大事故采取先口头报告，再以书面材料及时补报的形式。（区安监局应急联系电话：86516166）。,事故单位负责人需向谁作报告？,当地区政府||区安监||行业主管部门
202,（2）医疗救护组：由区卫生局负责，开设现场救护所，负责受伤、中毒人员的救治，并指定相关医疗机构保证救护药品和救护器材的供应。,由哪个机构开设现场救护所？,区卫生局
203,专家组的职责为指挥部应急指挥决策提供建议；研究危险化学品、特种设备、建筑施工处置方案和应急救援科学技术；参加安全生产事故的应急处置工作。,专家组要参加哪项工作？,安全生产事故的应急处置工作
204,（7）综合协调组：由区安监局负责，协调以上各组及时向区安全生产应急指挥部和区委、区政府报告事故抢险救援进展情况落实区委、区政府领导同志关于事故抢险救援的指示和批示。通知区政府应急办采取预警行动。,区安监局要向哪个机构报告？,区安全生产应急指挥部||区委||区政府
205,事故发生后，现场指挥部应根据事故所涉及的范围建立警戒区，并在通往事故现场的道路上实行交通管制。警戒区域的边界应设警示标志并实行专人警戒，除消防及应急处置人员外，其他人员禁止进入警戒区。,由哪个机构建立警戒区？,现场指挥部
206,受灾区域内被围困人员由公安部门负责搜救；警戒区域内无关人员由事故单位配合公安部门实施紧急疏散。,受灾区域内被围困人员由哪个机构负责搜救？,公安部门
207,当事故可能危及周边地区较大范围人员安全时，指挥长应综合专家组及有关部门的意见，及时向应急救援专业小组提出实施人员紧急疏散的建议，建议应当明确疏散的范围、时间与方向。,由谁提出实施人员紧急疏散的建议？,指挥长
208,区安全生产应急救援办公室及时、准确地向区政府应急办公室提供事故救援信息，区政府应急办向社会统一发布。,区安全生产应急救援办公室提供什么信息？,事故救援信息
209,安全生产事故应急救援工作结束后，现场应急救援指挥部、事故单位分别就应急救援职责履行情况和预案的科学性、可操作性进行总结评估，提出改进应急救援工作的建议，报市安全生产应急救援指挥中心，存入事故应急管理档案,由哪个机构对应急救援职责履行情况进行总结评估？,现场应急救援指挥部||事故单位
210,（3）根据实际情况和需要，分期对上述专业应急救援队伍及高危企业专业队伍有计划的补充更新应急救援装备，由区安全生产应急救援办公室负责特种救援装备配备计划的制定、报送。,由哪个机构负责特种救援装备配备计划的制定？,区安全生产应急救援办公室
211,区安全生产应急办公室定期组织综合性应急处置演练。各职能部门组织相应的专项应急演练，明确演练的课题、队伍、内容、范围、组织、评估和总结等。演练要从实战角度出发，切实提高应急救援能力，深入发动和依靠市民群众，普及避险、避灾、自救、互救知识和技能。,区安全生产应急办公室定期组织什么？,综合性应急处置演练
212,区粮食应急工作指挥部下设办公室，负责日常管理工作。办公室设在区发展改革委，由区发展改革委主任兼任办公室主任。指挥部成员单位根据各自职责派员参与相关工作。主要职责：,区粮食应急工作指挥部下设什么机构？,办公室
213,1.区发展改革委、区粮食局负责粮食应急工作的指挥和综合协调工作。区发展改革委、区粮食局、区物价局负责加强对粮油市场价格的监测及分析；监督检查粮食市场生产经营批发零售企业执行价格政策情况；依法打击价格违法行为；“专线电话实行24小时值守。,由哪个机构负责加强对粮油市场价格的监测及分析？,区发展改革委||区粮食局||区物价局
214,2.区粮食局负责组织粮食安全专项应急演练和培训；提出动用区级储备粮的建议；负责组织应急粮食的加工和供应；负责粮源调拨的落实；负责提出应急粮源所需的贷款、费用等方面的意见。,哪个机构负责组织粮食安全专项应急演练？,区粮食局
215,8.区工商局负责对粮食市场交易秩序的监督管理，依法查处扰乱市场秩序和违法交易行为。,哪个单位负责对粮食市场交易秩序的监督管理？,区工商局
216,9.区食药监局按法定监管职责分工，负责对粮食加工环节进行监管，严肃查处以假充真、以次充好、掺杂使假等违法行为。,哪个机构负责对粮食加工环节进行监管？,区食药监局
217,11.区文广电局会同区发展改革委制订区粮食应急新闻发布预案，负责组织发布相关新闻，正确引导舆论。,哪个机构负责组织发布相关新闻？,区文广电局
218,1.Ⅰ级响应。发生重大、特别重大应急状态时，启动粮食应急Ⅰ级响应。响应措施为：区政府分管副区长为总指挥，区发展改革委主任为副总指挥。按照区委、区政府的统一部署，区粮食应急工作指挥部组织协调各成员单位按照职责开展应急处置各项工作。由国家和市统一领导的粮食应急事件，区粮食应急工作指挥部按照要求做好有关工作，重要情况及时向区人民政府和市粮食局报告。,由谁担任总指挥？,区政府分管副区长
219,2.Ⅱ级响应。发生一般、较大应急状态时，启动粮食应急Ⅱ级响应。响应措施为：区粮食应急工作指挥部副总指挥牵头，组织协调有关成员单位，按照本地粮食应急预案开展应急处置工作，超出自身处置能力时，接受市粮食应急工作指挥部的统一指挥。,由谁协调有关成员单位？,区粮食应急工作指挥部副总指挥
220,1.区粮食应急工作指挥部要随时掌握粮食应急状态发展情况，并迅速采取应对措施，做好粮食调配、加工和供应工作，确保应急粮食及时到位。,区粮食应急工作指挥部要随时掌握什么情况？,粮食应急状态发展情况
221,2.应急粮食的调配由区粮食应急工作指挥部办公室负责，其品种、数量在《长凌区粮食应急调拨令》上注明，加盖“江州市长凌区发展和改革委员会”公章。,应急粮食的调配由哪个机构负责？,区粮食应急工作指挥部办公室
222,区粮食应急工作指挥部办公室对应急处置和应急演练的效果进行评估和总结，进一步修改和完善粮食应急预案。,由哪个机构完善粮食应急预案？,区粮食应急工作指挥部办公室
223,3.按照《粮食流通管理条例》的要求，粮食行政管理部门要加强对粮食经营企业库存粮食的数量、质量的监督检查，增强对粮食市场异常波动的防范意识和应对能力。,粮食行政管理部门要增强什么意识？,对粮食市场异常波动的防范意识
224,加强粮食应急加工能力。我区应急加工面粉的任务，由区粮食中心指定的定点应急粮食加工企业承担。,我区应急加工面粉的任务由哪个单位承担？,区粮食中心指定的定点应急粮食加工企业
225,区公安交管部门负责建立粮食应急救援“绿色通道”，确保持有江州市应急粮食通行证、靖林区应急粮食通行证运输车辆的畅通。江州市应急粮食通行证由市粮食局、市公安交管局联合颁发，靖林区应急粮食通行证由区粮食中心、区公安交管部门联合颁发。,哪个机构负责建立粮食应急救援“绿色通道”？,区公安交管部门
226,成立靖林区通信保障应急领导小组，由区政府分管副区长任组长，区工信局局长任副组长，区工信局、供电分公司、电信分公司、移动分公司、联通分公司、铁塔分公司为成员单位。领导小组负责统一领导和组织指挥全区重大通信保障突发事件的应急处置。研究部署通信事故应急救援工作；负责修改完善本预案，并组织开展预案演练；决定启动和终止本预案。,靖林区通信保障应急领导小组组长由谁担任？,区政府分管副区长
227,通信保障应急领导小组下设办公室，办公室设在区工信局，由区工信局局长兼任办公室主任，办公室工作人员由区工信局、各通信企业分管副职组成。负责领导小组日常工作，联络通信保障应急事宜所涉单位；当突发公共事件威胁通信网络安全或需要通信应急保障时，及时了解情况，向区通信保障应急领导小组报告并提出处理建议；按照区通信保障应急领导小组下达的命令和指示，组织、协调、落实全区通信保障应急工作。,哪个机构负责领导小组日常工作？,办公室
228,各电信企业设立相应的通信保障应急工作管理机制，组建由网络管理、运行维护、工程建设及应急机动通信部门组成的通信保障应急队伍，配备必要的应急保障装备，负责应急保障队伍演练，加强应急资源及装备的管理、维护和保养，以备随时紧急调用。,哪个机构负责应急保障队伍演练？,通信保障应急队伍
229,区通信保障应急工作办公室和各通信运营企业要建立相应的预警监测机制，加强对区内各通信运营企业通信网络安全防护和应急处置工作的监督检查。,哪个机构要建立相应的预警监测机制？,区通信保障应急工作办公室||各通信运营企业
230,区通信保障应急领导小组确定并发布预警信息，领导小组成员单位及所涉各单位做好相应的通信保障应急准备工作。,由哪个机构发布预警信息？,区通信保障应急领导小组
231,发生较大（III级）以上通信应急事件，区通信保障应急领导小组启动本预案，相关通信运营企业启动本企业相应的应急预案。区通信保障应急领导小组负责组织、协调和指挥突发公共事件通信保障应急行动。在必要情况下，请求市通信保障应急领导小组支援。,由哪个机构指挥突发公共事件通信保障应急行动？,区通信保障应急领导小组
232,在突发事件的应急响应过程中，各通信企业要确保系统内部机构之间的通信畅通。当出现较大级以上通信中断时，通信联络方式主要采用卫星电话、无线电台等方式，应急通信设备由区通信保障应急领导小组统一调用，确保应急通信畅通。涉及国家机密时，应遵守相关规定。,应急通信设备由哪个机构调用？,区通信保障应急领导小组
233,通信应急队伍由各通信运营企业分别组建，满足通信应急工作的需要。各通信运营企业要认真建立专家库，适时组织有关专家和机构分析当前通信网络安全形势，开展通信保障的现场研究，加强技术储备。,哪个单位要建立专家库？,各通信运营企业
234,各通信运营企业建立必要的通信应急物资保障机制，按照通信应急工作需要，配备必要的通信应急装备，加强对应急物资及装备的管理、维护和保养，以备随时紧急调用。,各通信运营企业建立什么机制？,通信应急物资保障机制
235,各通信运营企业应急保障机构必须建立本单位通信基础设施分布图、各种通信保障应急预案、通信调度预案和异常情况处理流程图、物资储备清单以及相关单位主要负责人联系方式。,本单位通信基础设施分布图由哪个机构建立？,各通信运营企业应急保障机构
236,三、各镇乡街、各部门、各单位要按照现行事权、财权，严格落实资金、队伍、物资装备等各项应急保障措施，加大应急宣传、培训、演练和应急避难设施建设的投入。一旦发生突发事件，按照“先应急、后算账；先救人、后分责；先抢险、后协调”的原则，第一时间启动预案、开展应急处置。区政府应急办会同区有关部门，定期对专项应急预案的落实情况进行检查，并将检查结果上报区人民政府。,区政府应急办对什么情况进行检查？,专项应急预案的落实情况
237,区公安局：负责人防工程事故现场治安秩序的维护工作；负责组织协调疏导人防工程事故周边地区交通，保障指挥、抢险、救灾车辆优先通行，必要时对事故现场周边地区采取交通管制措施。,哪个机构疏导人防工程事故周边地区交通？,区公安局
238,区公安消防支队：配合组建区人防工程事故紧急救援队，负责组织人防工程事故现场次生、衍生灾害抢险救援工作和特殊场所的人员紧急救助工作。,哪个机构配合组建区人防工程事故紧急救援队？,区公安消防支队
239,发生等级人防工程事故时，成立现场指挥部，由区人防应急指挥部总指挥或副总指挥担任现场指挥部指挥。现场指挥部下设应急处置组、社会秩序组、后勤保障组、医疗救护组、新闻发布组和事故调查组等。,现场指挥部指挥由谁担任？,区人防应急指挥部总指挥||区人防应急指挥部副总指挥
240,（1）应急处置组：由区建设交通局（区人防办公室）任组长单位，成员由区军事部和区公安消防支队等单位组成。其职责是承担现场指挥部下达的抢险任务，组建应急救援队伍、调运救援物资等。,由哪个机构担任组长单位？,区建设交通局||区人防办公室
241,（2）社会秩序组：由区公安局任组长单位，成员由事故属地管委会、街道办事处、镇人民政府、交管支队等单位组成。其职责是负责组织协调救援现场警戒线设置、交通疏导、人员控制与疏散、社会秩序维护等工作。,交管支队是哪一机构的成员？,社会秩序组
242,（4）医疗救护组：由区卫生计生委任组长单位，成员由区卫生计生委相关处室、区急救中心（120）和区内相关医疗机构等组成。其职责是组织医疗救治，协助提出遇险人员救援建议和意见。,医疗救护组的成员？,区卫生计生委相关处室||区急救中心（120）||区内相关医疗机构
243,（5）新闻发布组：由区委宣传部任组长单位，有关部门参加。其职责是在现场指挥部的领导下，负责组织汇总信息，关注事故进展，并根据情况制定新闻发布方案，组织接待记者，及时采用适当方式组织新闻发布。,由哪一机构制定新闻发布方案？,新闻发布组
244,人防工程建设（管理）单位、使用单位，要坚持日常对所管辖的人防工程进行巡视查险，收集可能发生事故的风险信息，分析预测事故发生的可能性和危害程度，及早发现事故隐患，及时提出预防和应急建议。,人防工程建设（管理）单位收集哪种信息？,可能发生事故的风险信息
245,区人防应急指挥部办公室负责区内人防工程的安全监督检查，对存在的隐患下达整改通知书，要全面掌握区内人防工程隐患的基本情况，及时监督整改。,由哪个机构下达整改通知书？,区人防应急指挥部办公室
246,区人防应急指挥部办公室必须在第一时间向区应急指挥中心和市人防办公室口头报告，1小时内通过传真电话书面报告情况，2小时内报告较为具体的情况。,区人防应急指挥部办公室向哪个机构报告？,区应急指挥中心||市人防办公室
247,1.区人防应急指挥部办公室应定期对现有通信设备进行检查、维修，使之处于良好工作状态，确保通信联络畅通。应制订应急通信保障预案，必要时配合电信部门抢修恢复通信。,由哪一机构制订应急通信保障预案？,区人防应急指挥部办公室
248,区人防应急指挥部办公室应随时掌握人防工程安全信息，对潜在的人防工程事故隐患，应及时和专家组进行研究，制定防治方案，为指挥决策提供技术支持。,区人防应急指挥部办公室应掌握什么信息？,人防工程安全信息
249,区人防应急指挥部办公室应充分利用新闻媒体和信息发布平台等形式，开展人防工程事故应急相关知识的普及教育。,由哪一机构开展人防工程事故应急相关知识的普及教育？,区人防应急指挥部办公室
250,1.区人防应急指挥部各成员单位，结合本单位实际情况制定相应的人防工程应急保障预案，并报区人防应急指挥部办公室备案。,由哪一机构制定人防工程应急保障预案？,区人防应急指挥部各成员单位
251,区人防应急指挥部办公室应结合应急管理工作实践，及时组织修订预案。修订后的应急预案应重新办理审查、论证、备案等各项程序。,由哪一机构组织修订预案？,区人防应急指挥部办公室
252,区公安局：负责组织领导公安系统各有关部门承担公路水路突发事件现场重要设施、设备及重点目标的安全保卫、疏导、消防、救援工作，维护当地社会治安秩序，防范和打击违法犯罪活动；负责公路水路突发事件现场的交通管制、疏导和交通事故处理工作；负责参与突发事件的消防和救援工作。,由哪一机构维护当地社会治安秩序？,区公安局
253,区安全监管局：负责督促指导各管委会、街道做好次生灾害的排查，牵头组织安全生产事故调查处理工作。,由哪一机构组织安全生产事故调查处理工作？,区安全监管局
254,区气象局：负责为区内河搜救机构提供气象保障服务，提供突发事件发生地现场及周边风向、风速、温度、湿度、气压、雨量等气象实况资料及气象预报预警信息。,由哪一机构提供气象保障服务？,区气象局
255,区总工会：配合做好职工思想工作，帮助职工稳定情绪。听取和反映职工意见和要求，参与协调劳动纠纷。,由哪一机构协调劳动纠纷？,区总工会
256,事发单位：负责在发生突发事件的第一时间内向公路水路运输处突工作机构报告突发事件的基本情况、性质、受损程度，协助开展处置突发事件工作。,事发单位向哪一机构报告？,公路水路运输处突工作机构
257,公路水路处突领导小组负责整理和审查所有书面报告、应急记录和文件等资料；总结和分析突发事件原因和在应急期间采取的主要措施。,由哪一机构整理书面报告？,公路水路处突领导小组
258,各级指挥机构、运输行业建立应急保障队伍信息库，组织响应人员培训、演练，为应急救援人员购买人身意外保险，配备必要的防护装备和器材。,哪一机构建立应急保障队伍信息库？,各级指挥机构||运输行业
259,（4）区文广电局：根据区应急指挥部的安排，负责应急新闻的报导，做好媒体记者的组织管理和引导工作。,由哪一机构报导应急新闻？,区文广电局
260,由事发地管委会、街道办事处、镇人民政府、区建设交通局和参加现场应急处置的相关部门负责人组成突发事件应急现场统筹车辆指挥部，由事发地管委会、街道办事处、镇人民政府分管交通运输工作的领导担任指挥，开展现场应急处置协调工作。,由哪一机构开展现场应急处置协调工作？,突发事件应急现场统筹车辆指挥部
261,（4）需要实施统筹车辆应急预案时，各级统筹车辆应急机构迅速落实统筹车辆工作、征集运输车辆，调用应急运力，组织应急救援物资、人员的运送，公安部门负责运送道路的秩序管理。,由哪一机构管理运送道路的秩序？,公安部门
262,（5）根据统筹车辆过程中出现的新情况、新变化，应急现场指挥机构及时向区统筹车辆领导小组提出行动建议并调整统筹车辆行动方案、计划，确保区统筹车辆应急预案顺利实施。,由哪个机构调整统筹车辆行动方案？,应急现场指挥机构
263,（6）必要时，区统筹车辆领导小组带领工作组和救援队伍直接赶赴现场，设立现场指挥机构，指挥、协调统筹车辆工作。,由哪一机构协调统筹车辆工作？,现场指挥机构
264,设立江州市长凌区道路、桥涵突发事故应急指挥部（以下简称区指挥部）。区指挥部总指挥由分管道路、桥涵工作的副区长担任，副总指挥由区建设交通局局长担任。,区指挥部副总指挥由谁担任？,区建设交通局局长
265,区公安局（含消防支队）：负责维护道路、桥涵突发事故现场社会治安、保护人员、应急物资安全，打击各种违法犯罪活动；做好以防火灭火为主的各项消防保卫工作；负责组织应急救援队伍赶赴道路、桥涵突发事故现场承担救援任务。,由哪一机构打击各种违法犯罪活动？,区公安局（含消防支队）
266,区安全监管局：负责配合重特大道路、桥涵突发事故的应急救援工作；主持重特大事故调查评估；负责协调道路、桥涵突发事故中涉及危险化学品泄漏等现场处置工作。,由哪一机构主持重特大事故调查评估？,区安全监管局
267,2.统一领导，分级负责。长凌区市场和质量监督管理局按照《总体预案》中关于成立特种设备事故应急指挥部的要求，成立特种设备事故应急专家领导小组，（以下简称“专家领导小组”），主要任务是在职能范围内防范风险、控制事故、减少损失，贯彻单位自救和社会救援相结合的原则。,由哪一机构成立特种设备事故应急专家领导小组？,长凌区市场和质量监督管理局
268,（3）发生特种设备事故后，根据专家领导小组请求和事件需要，区人民政府成立特种设备事故现场指挥领导小组，各相关部门服从统一指挥，以事故发生地管理部门为平台积极配合，通力协作，充分发挥指导和协作职能。,由哪一机构成立特种设备事故现场指挥领导小组？,区人民政府
269,区交通局：负责集中供热突发事件涉及道路桥梁抢通的应急处置工作，配合做好设立抢险车辆的绿色通道相关工作。,由哪一机构负责集中供热突发事件涉及道路桥梁抢通的应急处置工作？,区交通局
270,区气象局：负责提前5—7天向区指挥部提供气象预报信息；为区指挥部提供天气咨询服务。,由哪一机构提供气象预报信息？,区气象局
271,区供电公司：负责突发事件区域，属电力公司维护的外部供电设施巡查、抢险，保障电力供应。,由哪一机构保障电力供应？,区供电公司
272,按照区指挥部的要求，根据供热突发事件的实际情况，由相关成员单位、事发相关供热企业组成现场指挥部，实行现场总指挥负责制（相关供热单位信息见附件一）。,现场指挥部的成员？,相关成员单位||事发相关供热企业
273,现场指挥部的主要职责：全力组织伤员救治、人员疏散转移和群众安置工作，维护现场治安和交通秩序，防止事态进一步扩大；对突发事件进行综合分析、快速研判，确定现场应急处置方案；统一组织相关部门、单位和事发单位的上级单位，调动应急救援队伍，调集应急救援物资装备，开展应急处置工作；随时向区指挥部报告事件处置进展，一旦发现事态有进一步扩大趋势，有可能超出自身处置能力时，应立即报请区指挥部协调处置。,由哪一机构开展应急处置工作？,现场指挥部
274,在区指挥部办公室的指导下，本区各有关供热单位主要开展以下工作：建立本企业集中供热突发事件预防体系并组织实施；按照区集中供热突发事件应急预案，做好本企业应急预案的编制和备案工作；组建应急队伍、配备抢修物资及抢修设备；做好应急预案的培训、演练；及时、准确上报突发事件信息；组织实施应急响应及恢复供热工作；完成区指挥部下达的其他各项应急任务。,本区各有关供热单位建立什么体系？,本企业集中供热突发事件预防体系
275,区指挥部办公室组建专家组，主要负责：对一般、较大突发事件应急处置方案进行评估；参加重大、特别重大突发事件的现场处置及事故调查和损失评估；为集中供热应急工作提供咨询和建议。,由哪一机构组建专家组？,区指挥部办公室
276,（3）区指挥部负责协调相关部门间的预警响应工作；必要时向区政府报告预警响应情况。,由哪一机构报告预警响应情况？,区指挥部
277,发生特别重大、重大供热突发事件，由区指挥部启动Ⅰ级响应；指挥部成员立即赶到现场，成立区供热突发事件应急处置现场指挥部，组织、指挥、协调、调度本区应急力量和资源，统一实施应急处置。公安靖林分局负责集中供热突发事件警戒范围设置与人员疏散，维护公共秩序和社会治安，组织实施突发事件区域的交通管制工作，保证救援抢险车辆安全快速通行和抢修抢险正常进行。事发单位主管部门负责区域内群众生活保障和社会稳定工作，其他各有关单位按照各自职责和分工，密切配合，共同实施应急处置。,由哪一机构设置集中供热突发事件警戒范围？,公安靖林分局
278,公安靖林分局负责派专人保护现场，维持现场秩序，为事件调查创造条件。参与处置人员要按照规定继续保护现场，必要时对事件现场进行录像或拍照，为事件调查、分析提供直接证据。事故调查结束后，立即组织清理事故现场。,由哪一机构组织清理事故现场？,公安靖林分局
279,供热企业负责现场清理工作；负责及时修复突发事件中受损的供热设施；负责向区指挥部办公室报告恢复情况。,由哪一单位修复突发事件中受损的供热设施？,供热企业
280,区供热办组织区级专业应急救援队伍（见附件二）；各供热单位建立厂级应急救援队伍，各供热企业要根据设备设施的类型和供应规模，建立并合理分布企业应急抢险队伍。,由哪一机构组织区级专业应急救援队伍？,区供热办
281,各应急队伍要保持工作状态，服从区指挥部统一调动。明确联络员及联系方式，保持信息互通，确保应急救援联系渠道畅通和应急救援队伍快速反应。,由哪一机构调动各应急队伍？,区指挥部
282,供热企业建立完善的抢险物资管理制度和定期检查、保养、更新制度，每年9月30日前向区指挥部办公室报备应急物资储备情况，并接受区指挥部办公室不定期督导检查。,供热企业建立什么制度？,完善的抢险物资管理制度
283,遇有重大突发事件，企业年度预算安排的应急专项资金不能满足需要时，由区供热行业管理部门按照有关规定动用应急处置资金。,由哪一机构动用应急处置资金？,区供热行业管理部门
284,(1)现场指挥协调组。区应急管理局为组长单位，事故涉及街道办事处和区指挥部相关成员单位为成员。负责组织指挥和协调其他各工作组做好危险化学品事故的应急抢险工作，组织做好事故评估和事故调查工作，并及时向区人民政府上报事故抢险救援情况。,现场指挥协调组的成员单位有哪些？,事故涉及街道办事处||区指挥部相关成员单位
285,(2)险情控制施救组。海昌消防救援支队为组长单位，组织危险化学品专业应急救援队伍负责事故施救、险情控制、人员营救等救援处置工作。,由哪一机构组织危险化学品专业应急救援队伍？,险情控制施救组
286,(3)现场秩序维护组。公安海昌分局为组长单位，交警海昌支队、事发地街道办事处为成员单位。负责对事故发生区域实施现场警戒，维护治安秩序，并做好事故取证及证据保存，保证抢险救援道路畅通。事发地街道办事处负责组织有毒物质扩散区域的人员疏散等工作，确保人员处于安全区域。,现场秩序维护组的成员有哪些？,交警海昌支队||事发地街道办事处
287,(4)现场医疗救治组。区卫健委为组长单位。负责组织有关医疗机构专业人员及时赶赴事故现场开展伤病员的医疗救治和转运工作，及时向区指挥部办公室通报伤病员医疗救治情况。,由哪一机构通报伤病员医疗救治情况？,现场医疗救治组
288,(5)现场环境监测组。区生态环境局为组长单位，海昌消防救援支队为成员。负责事故现场环境监测，提出污染控制、人员疏散与处置建议，负责对危险化学品事故现场废弃物的收集、处理进行监督管理，协助核实污染损害情况。,由哪一机构负责事故现场环境监测？,现场环境监测组
289,(6)新闻舆论组。区委宣传部为组长单位，区应急管理局、公安海昌分局、区网信办和事发地街道办事处及事故单位为成员。负责媒体接待和对外发布事故信息。,由哪一机构负责媒体接待？,新闻舆论组
290,事故报告的主要内容应包括事故发生的时间、地点、信息来源、事件性质、危险化学品名称与涉及数量、影响范围、初步判定的伤亡情况、导致事故的初步原因、事态发展趋势和已经采取的措施等。在应急处置过程中，现场指挥部要及时向区指挥部办公室续报救援工作的进展情况。,由哪一机构续报救援工作的进展情况？,现场指挥部
291,3.3.2 区指挥部迅速成立现场应急救援指挥部，同时上报市指挥部办公室，启动相应等级的应急预案，制订事故应急救援方案并组织专(兼)职应急救援队进行救援。根据需要和救援工作进展情况，及时修订应急救援方案。事故情况复杂，暂时不能判明情况的，由现场指挥部组织有关专家、技术人员进行科学研判后，确定应急处置方案。,由哪一机构成立现场应急救援指挥部？,区指挥部
292,3.3.5 参加应急救援的队伍和人员在现场应急救援指挥部的统一指挥、协调下，进行救援处置，全力控制事态。,参加应急救援的队伍由哪一机构指挥？,现场应急救援指挥部
293,3.3.6 交警海昌支队等部门要开通应急通道，确保应急救援队伍和物资尽快到达事故现场。,由哪一单位开通应急通道？,交警海昌支队
294,涉及危险化学品的生产经营单位应当建立由本单位职工组成的专职或兼职应急救援队伍，规模较小的企业可以建立兼职应急救援队伍，但应当与周边其他危险化学品专职应急救援队签订互助合作协议。危险化学品事故应急救援队伍以涉及危险化学品的生产经营单位的专业应急救援队伍为基础，以相关大中型企业的应急救援队伍为重点，按照有关规定配备人员、装备，开展培训、演练。,由哪一单位建立兼职应急救援队伍？,规模较小的企业
295,按照属地管理、分级负责的原则，区卫健委负责应急处置工作中的医疗卫生保障，组织医疗救治队伍对伤病人员进行紧急医疗救治并将重症伤病人员转送至医院进行进一步治疗。根据危险化学品事故造成人员伤亡的特点，协调有关部门组织落实专用药品和器材。,区卫健委负责哪项工作？,应急处置工作中的医疗卫生保障
296,公安海昌分局负责组织事故现场治安警戒和治安管理，加强对重点地区、重点场所、重点人群、重要物资设备的防范保护，维护现场秩序，及时疏散群众，发动和组织群众开展群防联防，协助做好治安工作。,由哪一机构做好治安工作？,公安海昌分局
297,涉及危险化学品的经营单位应当设立安全生产专项资金，保障企业日常对危险源的监控、预防预警措施和应急培训、演练的经费需求。,由哪一单位设立安全生产专项资金？,涉及危险化学品的经营单位
298,处置危险化学品事故所需财政担负的经费，按照现行事权、财权划分原则，由区财政局按规定予以保障。,处置危险化学品事故所需财政担负的经费由哪一机构保障？,区财政局
299,危险化学品的生产经营单位要按规定向公众和员工说明企业经营、储运或使用的危险化学品的危险性及发生事故可能造成的危害，广泛宣传应急救援有关法律法规和危险化学品事故预防、避险、避灾、自救、互救的常识。,由哪个单位宣传应急救援有关法律法规？,危险化学品的生产经营单位
300,危险化学品经营单位按照有关规定对员工进行应急培训；区指挥部办公室组织对应急救援培训情况进行监督检查。,由哪个机构检查应急救援培训情况？,区指挥部办公室
301,8.1.2 区住建委会同区相关部门定期对各施工企业的建设工程安全事故应急预案的落实情况进行检查，督促施工企业对预案落实工作中存在的问题进行整改。,由哪一机构检查各施工企业的建设工程安全事故应急预案的落实情况？,区住建委
302,施工企业应依据本预案，编制本单位建设工程安全事故综合应急预案、专项应急预案和施工现场处置应急方案。,由哪一单位编制本单位建设工程安全事故综合应急预案？,施工企业
303,1.4.2政府领导，分级负责。在区政府的统一领导下，各级单位和有关部门积极协调各方灭火救援力量，负责火灾现场的具体处置工作。,由哪一机构负责火灾现场的具体处置工作？,各级单位||有关部门
304,1.4.3统一指挥，协同配合。专业指挥机构和现场指挥机构统一组织实施灭火救援行动。消防部门组织企业专职消防队积极协同作战，具有应急救援保障职能的部门和单位要主动配合。,由哪一机构组织实施灭火救援行动？,专业指挥机构||现场指挥机构
305,2.2.1区指挥部下设海昌区火灾事故应急指挥部办公室(以下简称区指挥部办公室)，设在海昌消防救援支队。办公室主任由海昌消防救援支队支队长担任。,由哪一机构下设海昌区火灾事故应急指挥部办公室？,区指挥部
306,2.2.2区指挥部办公室的主要职责是：负责区指挥部日常工作，起草区指挥部有关文件，组织落实区指挥部各项工作部署；组织修订火灾事故应急预案，并组织开展消防安全宣传和培训工作；组织落实火灾事故应急队伍和应急物资装备建设管理工作；研究确定火灾事故应急响应等级；承担着防范化解重大安全风险、应对处置各类灾害事故的职责；承办区指挥部交办的其他工作。,由哪一机构起草区指挥部有关文件？,区指挥部办公室
307,区应急局：承担区日常工作，组织、监督、全区火灾应急管理工作落实情况；协助组织特别重大灾害、重大灾害应急处置工作；负责统一协调区火灾应急队伍和物资的调拨；依法统一发布灾情和应急处置情况；参加重特大火灾事故调查工作，参与安全生产事故引发的火灾救援协调、指导和善后评估工作。,哪一机构参加重特大火灾事故调查工作？,区应急局
308,区商务局：负责市场监测，做好生活必需品的储备，确保市场供应，整顿和规范市场经济秩序。,由哪一机构负责市场监测？,区商务局
309,区住建委：负责提供工程设备，组织专业施工人员，在区指挥部的统一指挥下对有关建筑物、构筑物实施拆除或加固。,由哪一机构提供工程设备？,区住建委
310,区生态环境局：负责做好与灭火救援相关的水污染防治工作；指导并组织实施水质监测，调查处理水污染事故和纠纷；进行环境监测，协助检测有毒气体，提出预防次生灾害对策。,由哪一机构提出预防次生灾害对策？,区生态环境局
311,区城管委：根据需要提供洒水车等大型供水车辆，协助火场供水和现场洗消，视情排除道路积水。,由哪一机构提供洒水车等大型供水车辆？,区城管委
312,区委宣传部：负责把握火灾事故宣传工作导向，协调新闻媒体对火灾应急处置工作的相关情况进行对外宣传报道。,哪一机构负责把握火灾事故宣传工作导向？,区委宣传部
313,区新闻中心：负责发布火灾相关信息，正确引导人民群众关切，提高人民群众防范意识，增强自救互救能力。,哪一机构负责发布火灾相关信息？,区新闻中心
314,2 组织指挥体系 2.1 组织指挥机构 对全区范围内发生的大型文体活动事故，区政府根据应急处置行动需要，成立区大型群众性文体活动事故应急指挥部（以下简称区指挥部），统一指挥、协调大型群众性文体活动事故的应急处置行动。区有关部门在区指挥部的统一指挥下，认真履行各自的职责，快速、高效处置大型群众性文体活动事故。 总指挥：分管文化和旅游工作的副区长,由哪一机构成立区大型群众性文体活动事故应急指挥部？,区政府
315,区文化和旅游局：负责制定大型文体节庆活动应急专项预案，并针对各类文体节庆活动制订单项预案。,由哪一机构制定大型文体节庆活动应急专项预案？,区文化和旅游局
316,区卫健委：负责对受伤人员实施紧急救治，根据应急救援需要，组织医疗队赴事发地提供医疗救治。,由哪一机构组织医疗队？,区卫健委
317,"3.1.2大型文体活动承办方、场地提供方均应采取有力措施全时监测密集场所人员流量和现场动态,及时研判和把控事态发展，同时要按有关规定进行报备。",由哪一单位监测密集场所人员流量？,大型文体活动承办方||场地提供方
318,3.1.3区指挥部办公室负责大型文体活动各类突发事件预警报告的接受、分析整理与传递工作，按照突发事件发生和发展的等级、趋势和危害的程度，及时向区指挥部领导提出相应的预警建议。,由哪一机构接受大型文体活动各类突发事件预警报告？,区指挥部办公室
319,大型群众性文体活动事故应急处置工作所需的通信保障体系，由区指挥部负责建立，确保本预案启动时各单位的联络畅通，以及应急处置行动的指挥畅通。,由哪一机构建立大型群众性文体活动事故应急处置工作所需的通信保障体系？,区指挥部
320,(2)分级负责，属地管理。在区人民政府统一领导下，区指挥部指导、协调本区一般以上建设工程安全事故的应急救援工作。,由哪一机构指导本区一般以上建设工程安全事故的应急救援工作？,区指挥部
321,2.1.1 设立海昌区建设工程安全事故应急指挥部(以下简称区指挥部)，区指挥部总指挥由区人民政府分管住建工作的副区长担任，副总指挥由区人民政府办公室分管副主任和区住建委主任担任。,区指挥部总指挥由谁担任？,区人民政府分管住建工作的副区长
322,区住建委：负责组织建设工程安全事故情况快报，事件应急处置与损失评估等工作；组织工程突发事件应急指挥的技术系统建设；负责建设工程安全事故应急救援队伍的建设与协调管理；指导施工企业开展建设工程安全事故的预防与应对工作；参与做好建设工程安全事故的宣传报道与新闻发布工作。,由哪一机构组织建设工程安全事故情况快报？,区住建委
323,海昌消防救援支队：负责对建设工程安全事故引发的以火灾为主的次生灾害事故实施抢险救援；协助工程抢险救援队伍执行被困及被埋压人员的营救任务。,由哪一单位协助工程抢险救援队伍？,海昌消防救援支队
324,区生态环境局：负责突发事件的现场环境污染监测工作，提出环境污染消除和治理方案并上报区指挥部。,由哪一机构监测突发事件的现场环境污染？,区生态环境局
325,区城管委：负责做好市政道桥工程安全管理工作及公路工程安全生产监督管理和事故应急处置工作。,由哪一机构监督公路工程安全生产？,区城管委
326,区指挥部领导到达现场后，根据现场救援需要，适时成立现场指挥部。依据事件级别及造成的影响，现场指挥部总指挥由区指挥部主要领导担任，也可由区指挥部其他领导成员担任。现场指挥部通常设8个工作组，根据抢险救援的实际需要，也可作相应调整。,现场指挥部总指挥由谁担任？,区指挥部主要领导||区指挥部其他领导成员
327,(2)抢险救援组：由区住建委牵头，成员由海昌消防救援支队、自来水公司、区卫健委、事故所在总包企业组成。负责落实现场指挥部下达的抢险任务，组织开展一线抢险救援。,海昌消防救援支队是哪一机构的成员？,抢险救援组
328,(3)现场秩序维护组：由公安海昌分局牵头，成员由属地人民政府部门、街道办事处等单位组成。负责组织协调抢险救援现场及周边治安秩序维护工作，包括警戒线设置、人员控制、交通疏导等，并为抢险救援资源快速到达现场以及伤亡人员的快速转运提供通行便利。,由哪一机构设置警戒线？,现场秩序维护组
329,(5)宣传报道组：由区新闻中心牵头，成员由区住建委、公安海昌分局、区卫建委、区新闻中心及其他相关单位组成。负责组织安排新闻发布、协调接待媒体采访、上报事件相关信息等工作。,由哪一机构组织安排新闻发布？,宣传报道组
330,(6)专家工作组：由现场指挥部选调相关专业技术人员组建专家工作组，负责参与制定应急抢险救援工作方案，针对抢险救援中随时出现的疑难技术问题提出方案措施，为一线抢险救援提供技术指导。,由哪一机构选调相关专业技术人员？,现场指挥部
331,(7)后勤保障组：由事件发生单位牵头，成员由事件责任企业及相关单位组成。负责协调落实临时设立现场指挥部工作场所，现场指挥部及抢险救援人员后勤保障，现场指挥部运行所需的硬件保障等；完成现场指挥部交办的其他任务。,由哪一机构协调落实临时设立现场指挥部工作场所？,后勤保障组
332,(8)事件调查组：由区应急管理局牵头，成员由区住建委、公安海昌分局及其他有关单位组成。必要时，邀请检察机关参与。负责组织开展事故原因分析、事故责任调查等。,由哪一机构开展事故原因分析？,事件调查组
333,2.7.1 根据建设工程安全事故防范与处置工作需要，由区指挥部办公室聘请建设工程相关专业专家组成专家组，为本区建设工程安全事故应急工作提供技术支持和咨询，参与应急决策工作。,专家组的成员？,建设工程相关专业专家
334,区指挥部到达现场后，总包企业项目负责人应及时报告抢险救援进展情况、需要处理的问题及有关工作措施。交接工作完成后，按照应急权限划分，移交事件处置协调指挥权，并配合做好后续抢险救援工作。,由谁报告抢险救援进展情况？,总包企业项目负责人
335,根据市指挥部命令，区指挥部启动二级响应。区指挥部立即召集成员单位，研究部署抢险救援工作对策。区指挥部办公室随时向副总指挥汇报救援情况，密切监视事故发展变化，并做好扩大应急响应准备。,由哪一机构监视事故发展变化？,区指挥部办公室
336,(1)交通疏导和管制。因建设工程安全事故导致市政道路无法正常通行的，交警海昌支队应及时对事件影响路段采取交通疏导措施，必要时实施交通管制，预防次生事故发生。因抢险救援需要占用市政道路时，交警海昌支队在确保抢险工作正常开展的前提下，对所占用道路进行交通疏导或管制。在实施抢险过程中，交警海昌支队应为参与抢险的车辆、设备快速到达事件现场以及医疗救护车辆转运伤亡人员提供通行便利。,由哪一单位实施交通管制？,交警海昌支队
337,(3)消除抢险救援阻碍。因建设工程突发事件导致火灾、市政管线损坏等次生灾害，阻碍抢险救援工作正常开展的，海昌消防救援支队应立即组织实施灭火，各受损管线行政主管部门应立即协调关闭危险源，为开展抢险救援工作创造条件。因建设工程物、构筑物或其他障碍物阻碍抢险救援的，区建委及时与产权单位协调会商，根据实际情况对影响抢险救援的建设工程物、构筑物或其他障碍物实施拆除。抢险救援不利影响消除后，各单位加快推进抢险救援各项工作。,由哪一机构协调关闭危险源？,各受损管线行政主管部门
338,(10)家属接待。事件所在企业要做好事件伤亡人员家属接待工作，主动为家属提供相应的后勤保障，做好安抚和思想工作，避免事件伤亡人员家属干扰抢险工作正常开展。,由哪一单位做好事件伤亡人员家属接待工作？,事件所在企业
339,4.6.2 建设工程安全事故信息报告贯穿预警、应急处置、善后恢复全过程，区指挥部办公室根据职责分工，负责收集、整理和研究可能发生突发事件的信息，并及时汇总分析。,由哪一机构研究可能发生突发事件的信息？,区指挥部办公室
340,6.1.2 区住建委应建立满足处置较大突发事件需要的专业抢险救援队伍，并储备一定数量的设备物资。加强对储备物资的管理，根据需要及时补充和更新。当发生建设工程安全事故时，应根据现场处置需要，及时调派所属抢险救援力量赴现场参与处置。当现场救援超出区人民政府处置能力时，可请求市指挥部办公室协调支援。,由哪一机构建立专业抢险救援队伍？,区住建委
341,6.1.3 建立抢险队伍和物资共享机制。根据现场处置需要，区指挥部办公室有权调派或临时征用相关企业抢险队伍和物资，各单位应按照区急指挥部办公室的指令落实到位。,由哪一机构征用相关企业抢险队伍？,区指挥部办公室
342,建立建设工程突发事件应急工作联席会制度和联络员会议制度。区指挥部每年至少组织召开1次指挥部成员单位参加的突发事件应急工作联席会，总结、安排、部署全区建设工程突发事件预防和应急处置工作，加强建设工程安全事故应急工作的组织协调，提高应急能力和水平。,由哪一机构召开突发事件应急工作联席会？,区指挥部
343,区指挥部各成员单位应确定1名应急联络员(科级)，根据突发事件应急救援工作形势，区指挥部办公室适时召开应急联络员会议，原则上每年召开1至2次。,由哪一机构召开应急联络员会议？,区指挥部办公室
344,6.5.2 区指挥部办公室和相关单位逐步建立和完善应急指挥基础信息数据库。应急指挥基础信息数据库包括隐患及危险源监测和预警数据、应急决策咨询专家数据及抢险设备物资信息数据等，做到及时维护更新，确保数据准确可靠，为建设工程安全事故应急指挥和决策提供支持。,由哪一机构完善应急指挥基础信息数据库？,区指挥部办公室||相关单位
345,2.《长凌区特种设备事故应急预案》。《长凌区特种设备事故应急预案》是针对长凌区特种设备生产经营和使用特点，按照特种设备监管部门职能制定的特种设备应急预案，由长凌区市场和质量监督管理局制定，以区政府办公室名义发布。,《长凌区特种设备事故应急预案》由哪一机构制定？,长凌区市场和质量监督管理局
346,4.各级特种设备监督部门要完善重点监控设备巡查制度。建立健全特种设备突发事件风险评估机制，根据区域特种设备使用特点定期对各类特种设备进行隐患和安全评估，对重点行业、重点设备实施重点监督，区特种设备安全主管部门要对特种设备安全状况进行科学分析。根据地区特点开展安全专项整治和大检查活动，推动企业安全意识的提高，严厉打击违法、违规行为，营造安全生产秩序。,由哪一机构建立特种设备突发事件风险评估机制？,各级特种设备监督部门
347,特种设备安全监督部门要求成立的特种设备事故现场指挥领导小组，根据相应的应急预案提出现场紧急处置技术方案，协调指导现场应急救援指挥部的专业抢险队伍和事故发生单位实施救援行动。,由谁提出现场紧急处置技术方案？,特种设备事故现场指挥领导小组
348,2.现场应急救援指挥部，在特种设备事故现场指挥领导小组的统一指挥下，迅速制定事故应急救援方案并组织实施救援和处置，根据需要，及时修订救援方案；,由哪一机构制定事故应急救援方案？,现场应急救援指挥部
349,事发地卫生行政主管部门负责组织开展紧急医疗救护和现场卫生处置工作，并向上级卫生行政主管部门报告有关医疗卫生救助情况。,由哪一机构开展紧急医疗救护？,事发地卫生行政主管部门
350,特种设备安全监管部门在区委、区政府领导下，积极组织特种设备专家和相关检验机构及时开展技术鉴定，查明突发事件发生经过和原因，总结应急处置经验和教训，制定有效改进措施，作到举一反三，对突发事件造成的损失进行评估，并报送市人民政府。,特种设备安全监管部门由哪一机构领导？,区委||区政府
351,特种设备突发事件发生后，保险机构及时开展应急救援人员保险受理和受灾人员保险理赔工作。,受灾人员保险理赔工作由哪一机构开展？,保险机构
352,1.各管委会、各街镇相关部门按照现行的事权、财权划分原则，分级负担预防与处置突发事件中需要由政府负担的经费。区人民政府设立突发事件专项应急资金，并纳入本级年度财政、资金预算。财政和审计部门要对专项资金的使用和效果进行监管和评估。建立健全政府、企业、社会相结合的应急保障资金投入机制，为加强应急队伍、装备、交通、通信、电力、物资储备等方面的建设提供保障。,由哪一机构设立突发事件专项应急资金？,区人民政府
353,1.各级特种设备安全监管部门和重点企业要建立应急救援物资储备制度。应急救援物资在发生特种设备突发事件时由区应急办统一协调，由区发展改革委牵头、区工业和信息化委、区商务委、区建设交通局、区民政局负责组织、协调应急救援物资的储存、调拨和紧急供应，区卫生计生委负责药品的储存和供应。,各级特种设备安全监管部门和重点企业要建立什么制度？,应急救援物资储备制度
354,卫生部门负责组建医疗卫生应急专业技术队伍，根据需要及时赴现场救援，并指导和协助当地医疗救治、疾病预防控制等卫生应急工作。及时为受灾地区提供药品、器械等卫生和医疗设备。必要时，组织动员红十字会等社会卫生力量参与医疗卫生救助工作。,由哪一机构组建医疗卫生应急专业技术队伍？,卫生部门
355,区工业和信息化委、区文广电局等部门要建立健全应急通信、应急广播电视保障工作体系，完善公用通信网，建立有线和无线相结合、基础电信网络与机动通信系统相配套的应急通信系统，确保通信畅通。,由哪一机构完善公用通信网？,区工业和信息化委||区文广电局
356,区市场监管局负责对全区特种设备突发事件专项应急预案实施的全过程进行监督检查，所属下级各特种设备安全机构负责本区域内的企业技术救援应急预案实施以及演练进行监督检查。,由哪一机构监督全区特种设备突发事件专项应急预案实施的全过程？,区市场监管局
357,区供热指挥部的主要职责是：贯彻落实市委、市政府和区委、区政府关于集中供热突发事件应对工作的决策部署；组织指挥处置辖区发生的集中供热突发事件的应急处置工作，指导全区集中供热突发事件应急队伍和应急物资体系的建设、管理工作。,由哪一机构组织指挥处置辖区发生的集中供热突发事件的应急处置工作？,区供热指挥部
358,区供热指挥部办公室的主要职责是：负责区供热指挥部日常工作，起草区供热指挥部有关文件，组织落实区供热指挥部各项工作部署；组织较大集中供热突发事件的应对工作；组织编制、修订葡萄园区集中供热突发事件应急预案及应急保障预案，指导供热企业应急预案编制，并组织宣传教育、培训和演练；组织实施集中供热突发事件的先期处置和应急响应工作；组织行政区域内人员的疏散、安置、生活保障和社会稳定工作等。组织建设、管理专家组和应急指挥平台；监督管理供热应急队伍、物资和设备采购；承办区供热指挥部和区政府交办的其他工作。,由哪一机构组织较大集中供热突发事件的应对工作？,区供热指挥部办公室
359,公安葡萄园分局：负责集中供热突发事件发生后，现场警戒范围设置与人员疏散；负责公共秩序和社会治安的维护工作；负责组织相关突发事件的调查处理；负责实施突发事件区域的交通管制工作，保证救援抢险车辆安全快速通行；负责开通应急气源运输车辆、抢险车辆的绿色通道。,由哪一机构负责实施突发事件区域的交通管制工作？,公安葡萄园分局
360,区市场监管局：负责组织特种设备事故的调查，参与集中供热突发事件特种设备相关的应急处置，参与特种设备相关事故的调查。,由哪一机构负责组织特种设备事故的调查？,区市场监管局
361,区卫计委：负责受伤人员的现场医疗救治、转运、院内救治和现场卫生防疫等工作；及时向区供热指挥部报告伤员数量及医疗救治情况。,由哪一机构负责受伤人员的现场医疗救治？,区卫计委
362,联通公司、移动公司、电信公司：负责提供应急工作所需的通信资源；突发事件发生后，尽快恢复被破坏的通信设施，提供应急通讯保障。,哪一机构负责提供应急工作所需的通信资源？,联通公司||移动公司||电信公司
363,发生一般供热突发事件，由区供热指挥部办公室启动Ⅲ级应急响应，会同相关事发单位做好应急处置工作。各相关乡镇做好相关协调工作。,由哪一机构启动Ⅲ级应急响应？,区供热指挥部办公室
364,区委宣传部负责供热突发事件新闻报道和信息发布工作。区供热指挥部办公室负责提供相关信息。,由哪一机构提供相关信息？,区供热指挥部办公室
365,供热企业负责现场清理工作；负责及时修复突发事件中受损的供热设施；负责向区供热指挥部办公室报告恢复情况。,由哪一单位修复突发事件中受损的供热设施？,供热企业
366,葡萄园区供热办成立应急组织机构，负责各供热企业抢修队伍的协调调度工作。各供热企业要根据设备设施的类型和供应规模，建立企业应急抢险队伍。,由哪一单位建立企业应急抢险队伍？,各供热企业
367,区供热指挥部办公室建立演练制度，每年至少组织1次专项应急演练。通过演练，培训应急队伍，改进和完善应急预案。区供热指挥部办公室负责对供热企业应急演练实施情况监督检查，并做好典型的交流推广。,由哪一机构负责对供热企业应急演练实施情况监督检查？,区供热指挥部办公室
368,区卫计委：负责组织制定鼠疫防治技术方案，统一组织实施鼠疫应急医疗救治工作和各项预防控制措施，并进行检查、督导；开展疫区卫生处理，对疫区作出全面评估，根据鼠疫防控工作需要，依法提出隔离、封锁鼠疫疫区的建议.,由哪一机构开展疫区卫生处理？,区卫计委
369,区交通局：组织交通按照《国内交通卫生检疫条例》及其实施办法，负责各自职责范围内的交通卫生检疫工作，优先运送疫情处置人员、药品器械和有关物资。,由哪一机构负责交通卫生检疫工作？,区交通局
370,区新闻中心和区文汇报社：按照区应急指挥部的统一部署，做好疫情处置的宣传报道。宣传鼠疫防治知识，提高公众防疫与保健意识。,由哪一机构宣传鼠疫防治知识？,区新闻中心||区文汇报社
371,区工业经委（信息化办公室）：组织和协调各基础电信运营企业予以积极配合，保障疫情控制期间疫区的通信畅通。协助建设应急指挥平台，实现与江州市应急指挥信息平台和江州市突发公共卫生事件应急指挥平台之间的互联互通，资源共享，保证鼠疫疫情信息的传输畅通。,由哪一机构协助建设应急指挥平台？,区工业经委（信息化办公室）
372,区农委：负责农区灭鼠工作，野生动物异常情况的监测，并在疫情发生时，协助做好疫情发生地的隔离工作。,由哪一机构负责农区灭鼠工作？,区农委
373,4.区疾病预防控制中心在发现（疑似）鼠疫疫情后，应迅速进行核实，并在2 小时内向区卫生健康委和市疾病预防控制中心报告，区卫生健康委在接到报告1 小时内报至区人民政府和市卫生健康委。,由哪一机构核实（疑似）鼠疫疫情？,区疾病预防控制中心
374,1.区卫生健康委建立疫情应急处置队伍人员档案，对应急处置队伍人员进行动态管理，遇有人员变动，及时进行更改。各医疗卫生机构负责加强鼠疫防治专业队伍建设，提高疫情应急处置能力。,由哪一机构建立疫情应急处置队伍人员档案？,区卫生健康委
375,（一）成立“云川区卫生计生系统食品安全突发事件应急处置工作领导小组”（以下简称“领导小组”）。领导小组组长由区卫生计生委主任担任，副组长由相关分管副主任担任。,领导小组组长由谁担任？,区卫生计生委主任
376,1.综合协调组：应急办牵头，成员包括应急办、行政办、党办、财务科、疾控科、医政医管科、区疾控中心。负责贯彻落实领导小组的各项工作部署，综合协调食品安全突发事件应急处置工作；根据检测分析组对事件的检测、分析结果，组织评估事件发展趋势，预测事件后果，制定应急处置措施。,由哪一机构制度制定应急处置措施？,综合协调组
377,2.医疗救治组。医政医管科牵头，承担医疗救治的具体工作，负责组织、协调开展食品安全突发事件相关人员医疗救治工作，汇总、报告救治工作情况。,由哪一机构承担医疗救治的具体工作？,医疗救治组
378,3.检测分析组。疾控科牵头，成员包括疾控科和区疾控中心。负责提出检测方案和要求，组织实施相关检测，综合和分析检测数据。查找事件原因和评估事件发展趋势，预测事件后果，为制定现场抢救方案和采取控制措施提供参考。检测评估结果要及时报告区指挥部。,检测分析组的成员？,疾控科||区疾控中心
379,食品安全突发事件发生后，区卫生计生委立即启动食品安全突发事件应急预案，领导小组和各工作组进入应急状态，按照相应职责做好事件应急处置相关工作，最大限度减轻事件危害。组织疾病预防控制机构专业人员赶赴现场，依法对事件进行流行病学调查、分析评估；指定相关医疗机构立即开辟绿色通道，全力做好患者的医疗救治工作。,由哪一机构启动食品安全突发事件应急预案？,区卫生计生委
380,区疾病预防控制中心和各医疗卫生机构参照本预案，制定本单位食品安全突发事件应急预案。,由哪一机构制定本单位食品安全突发事件应急预案？,区疾病预防控制中心||各医疗卫生机构
381,区教育局成立“学校突发事件应急处置工作领导小组”作为教育局预防和处置学校突发事件的领导机构(以下简称“领导小组)。,学校突发事件应急处置工作领导小组由哪一机构成立？,区教育局
382,"局应急领导小组主要职责:在区委、区政府的统一领导下,通过局党组会议、局长办公会研究、决定和部署教育系统特别重大、重大突发公共事件的应急响应行动;在预测教育系统将要发生和已经发生特别重大、重大突发公共事件时,启动相应的应急预案,组织、指挥应急处置工作;在处理突发公共事件的过程中,协调与其它部门的关系,当突发事件超过教育部门处置能力时,依程序向区委、区政府汇报,请求相关部门支持、配合;部署和总结教育系统年度应急管理工作。",由哪一机构总结教育系统年度应急管理工作？,局应急领导小组
383,"学校成立处置突发公共事件工作机构,由学校主要领导指挥,相关部门人员参加,负责本校突发公共事件应急处置工作。",处置突发公共事件工作机构由谁指挥？,学校主要领导
384,江州海关建立应对突发事件物资储备，保障应急物资的供给。江州海关应与地方政府和卫生、市场监管、农业等主管部门保持良好的沟通与联系，确保在突发事件处置期间提供应急调查、现场处置、医疗救护、监测检验、卫生防护等所需的有关物资设备、设施。,由哪一机构建立应对突发事件物资储备？,江州海关
385,江州海关进出境重大动物疫情应急指挥体系由江州海关和事发地隶属海关（以下简称隶属海关）两级应急指挥部组成，由江州海关应急指挥部统一领导。各级应急指挥部组建应急专家队伍，为应急处置疫情提供技术支撑。,江州海关进出境重大动物疫情应急指挥体系由谁领导？,江州海关应急指挥部
386,江州海关建立进出境重大动物疫情采集制度，及时收集、分析进出境重大动物疫情信息。江州海关进出境重大动物疫情应急处置专家组成员为江州海关重大动物疫情信息员，负责收集、整理和上报辖区内进出境检疫工作中发现的重大动物疫情信息。隶属海关应指定本单位重大动物疫情信息员，负责收集、整理和上报本关区内进出境检疫工作中发现的重大动物疫情信息。,由哪一机构建立进出境重大动物疫情采集制度？,江州海关
387,应急指挥部负责统一领导本级突发事件的应急处置工作，发布指挥调度命令，确定突发事件处置的各项重大决策；负责组织、协调、开展应急处置行动，制定防止次生、衍生事件发生的措施与应对方案；调整、终止应急响应和处置行动；发布相关信息、新闻、公告，及时向上级单位报告应急工作情况；负责与外部相关部门的沟通协调配合；制定其他必要的应急处置行动方案并组织实施。,由哪一机构发布指挥调度命令？,应急指挥部
388,（1）办公室：接报突发事件情报，协调应急指挥系统运行，承办应急指令下达，组织应急工作总结、通报，组织、指导新闻发布和舆情监测等。,由哪一机构接报突发事件情报？,办公室
389,（6）缉私局：负责与公安、安全、军队、武警等部门联系、协调、合作，提供预警性情报，协助有关部门开展突发事件的侦查和调查工作等。,由哪一机构提供预警性情报？,缉私局
390,（10）风控分局：负责根据业务职能部门提出的疫情防控需求，调整布控规则、统一下达风险作业指令和风险预警；收集防控信息。,风控分局收集什么信息？,防控信息
391,（3）新闻发布组：负责突发事件应急处置的舆情监测、引导和新闻发布，按照相关规定适时组织起草、报审新闻稿件，并及时向新闻媒体和公众发布，引导舆论。,由哪一机构报审新闻稿件？,新闻发布组
392,江州海关相关部门和单位按照海关总署的规定和要求，结合口岸实际，负责开展进出境植物疫情的日常监测工作。,江州海关监测什么？,进出境植物疫情
393,（3）“双线同步”原则：事发地海关在按规定向江州海关报告的同时，可视突发事件的性质、特点和影响范围，通报当地党政领导和有关部门。,事发地海关通报哪个机构？,当地党政领导||有关部门
394,（2）值班人员必须填写完整的电话报告记录。记录中必须记载：本方和对方承办人全名；本方和对方承办事项时间；对方部门和联系电话。,值班人员填写什么？,电话报告记录
395,江州海关启动应急预案，制定应急处置方案，报告海关总署及当地政府；组织专家组和现场工作组赶赴相关口岸，指导开展应急处置；关区内调集人员、物资和设备等资源，为口岸应急处置提供支持和保障；协调地方政府相关部门开展处置合作；开展应急处置工作的分析评估。,江州海关评估哪项工作？,应急处置工作
396,江州海关及各隶属海关应建立进出境重大植物疫情突发事件应急处置队伍，对处置人员进行技术培训，保证处置工作的顺利开展。,江州海关及各隶属海关应建立什么队伍？,进出境重大植物疫情突发事件应急处置队伍
397,由江州市渤西区体育局设定一名新闻发言人，负责事故信息的对外发布工作，其他人员不得对外发布事故信息。新闻发言人由应急领导小组总指挥指定，并由其拟定对新闻媒体的统发稿，作好新闻单位的采访接待和信息发布等工作。,由哪个机构设定新闻发言人？,江州市渤西区体育局
398,确认发生重大动物疫情后，区畜牧中心应及时向区人民政府提出启动本预案的建议，由区人民政府启动疫情应急响应机制，统一领导和指挥本行政区域内重大动物疫情应急处置工作。对超出区人民政府处置能力的，请求市级启动应急响应机制。,区人民政府启动哪项机制？,疫情应急响应机制
399,（5）其他有关部门：按照区控制重大动物疫病指挥部的统一部署，配合畜牧中心，做好紧急疫情处理工作。,其他有关部门做好哪项工作？,紧急疫情处理工作
400,（2）区畜牧中心对一般突发重大动物疫情进行确认，按照规定向区政府和市畜牧兽医局报告。并组织专家对疫情应急处理进行技术指导和支持。,哪个机构对对一般突发重大动物疫情进行确认？,区畜牧中心
401,第一个赶赴现场的人员，初步判断事故情况，如需社会力量（医疗、消防、公安等）救助，立即联系寻求社会援助。各部门管理人员到达现场后按分预案做好安全防护措施，防止事态扩大。若认为应启动安全事故应急预案，应请示应急领导小组组长后确定是否启动应急预案。,由谁初步判断事故情况？,第一个赶赴现场的人员
402,副总指挥到现场后，负责专职指挥，根据事故情况制定现场处置方案， 并负责组织、部署现场抢险救援、后勤保障、信息联络等工作的落实情况。相关人员要分别确保抢险救援物资、后勤物资、通讯设备，并及时运到事故现场。应急人员到达现场，要建立现场工作区域，确定重点保护区域和应急行动的优先原则，指挥和协调现场各队伍开展应急行动，合理高效地调配和使用应急资源。,谁负责专职指挥工作？,副总指挥
403,区供热办负责制定行业应急管理的培训计划，定期组织有关单位和供热企业关键岗位工作人员、应急抢险人员参加应急管理培训，提高应急能力。,制定行业应急管理的培训计划由谁负责？,区供热办
404,区指挥部办公室建立演练制度，每年至少组织1次专项应急演练。通过演练，培训应急队伍，改进和完善应急预案。区指挥部办公室负责对供热企业应急演练实施情况监督检查，并做好典型的交流推广。,谁建立演练制度？,区指挥部办公室
405,8.3 区指挥部办公室应结合应急管理工作实践，及时修订预案。遇有特殊情况可随时修订，修订后的应急预案应重新办理审查、论证、备案等各项程序。,谁负责及时修订预案？,区指挥部办公室
406,二、各专项应急指挥部办公室是落实专项应急预案的责任主体，要建立健全监测预警、信息报告、应急响应等工作机制，组织专项应急指挥部成员单位开展培训和应急演练，以演练检验预案，用预案指导实践。专项应急指挥部各成员单位要主动沟通、密切配合，按照预案确定的职责任务，落实各项应急准备和保障工作，并将配套工作方案或保障预案及时送专项应急指挥部办公室备案。,谁是落实专项应急预案的责任主体？,各专项应急指挥部办公室
407,"设立靖林区燃气突发事件应急指挥部（以下简称指挥部),区指挥部总指挥由区人民政府分管城建工作的副区长担任，副总指挥由区人民政府办公室有关副主任、区建委主任、区发改委主任担任。",副总指挥由谁担任？,区人民政府办公室有关副主任||区建委主任||区发改委主任
408,区指挥部下设靖林区燃气突发事件应急指挥部办公室（以下简称区指挥部办公室），设在区建委，办公室主任由区建委主管副主任担任。办公室成员由区建委、区发改委等相关科室组成。办公室成员按照分工做好日常应急管理工作。,办公室主任由谁担任？,区建委主管副主任
409,由长凌区消防救援支队负责停电引发火灾等次生灾害现场抢险；负责消防安全和防火宣传的指导工作；协助有关部门抢救国家重要财产；组织搜救被困群众和受伤人员；配合当地政府疏散转移安置受灾群众；组织各类次生灾害处置；组织对可能发生次生灾害的地点和设施采取紧急防护措施。,停电引发火灾等次生灾害现场抢险由谁负责？,长凌区消防救援支队
410,根据响应级别及应急处置工作需要，应由区政府负责组织应急救援的大面积停电事件发生后，由区工业和信息化局牵头成立长凌区大面积停电事件现场指挥部（以下简称：现场指挥部）。现场指挥部由总指挥、副总指挥和各工作组组成，实行现场总指挥负责制。,现场指挥部实行什么制度？,现场总指挥负责制
411,（3）重要电力用户应成立大面积停电突发事件应急指挥机构，负责所辖区域内大面积停电突发事件的预防与应对工作。,由谁成立大面积停电突发事件应急指挥机构？,重要电力用户
412,重要电力用户应健全自身应急处置机制，编制应急处置预案，加强应急设施建设，组织人员培训和应急演练，随时保持与外接电网应急调度部门通信畅通。,谁负责健全自身应急处置机制？,重要电力用户
413,（6）突发公共事件发生后，各保险公司及时开展查勘定损，简化理赔手续，对受害单位和群众及时给予保险补偿。,负责及时开展查勘定损的单位是哪个？,各保险公司
414,发生特别重大、重大突发事件后，驻区部队和民兵预备役人员，按照有关规定，应积极参加突发事件的处置工作。,谁应积极参加突发事件的处置工作？,驻区部队||民兵预备役人员
415,区工业经委应掌握有关应急物资、紧急救援医药用品生产企业的生产状况、生产能力和储备情况，建立相应档案。根据需要负责组织企业迅速投入生产。,谁负责组织企业迅速投入生产？,区工业经委
416,各相关部门要加强储备物资的管理，建立物资信息管理系统，明确各类物资、器材的储备能力。,哪个机构加强储备物资的管理？,各相关部门
417,区公安、武警部队和驻区部队按照有关规定，参与应急处置和治安维护工作。要加强对重点地区、重点场所、重点人群、重要物资和设备的安全保护，依法严厉打击违法犯罪活动。,应急处置和治安维护工作由哪些机构参与？,区公安||武警部队||驻区部队
418,发生突发事件后，区建委、公路局负责组织相关单位迅速查清救援现场路况，遇有道路受损时，立即组织专业队伍进行抢修，确保公路运输畅通。,哪些机构负责组织相关单位？,区建委||公路局
419,公安交通暖水支队负责划定运输路线，实行道路交通管制，建立应急救援“绿色通道”，确保救灾物资和人员的输送。,哪个机构负责划定运输路线？,公安交通暖水支队
420,积极开展针对各类不同突发事件的专业技能培训。各街镇、各有关部门有计划的为人民群众提供突发事件自救互救技能培训。,哪些机构提供突发事件自救互救技能培训？,各街镇||各有关部门
421,综合演练。由区应急指挥中心组织各相关单位，以演练突发事件通讯联络、应急反应、现场处置、协调配合和指挥协同等为重点，检验我区处置各类突发事件的能力。演练结束后及时对演练进行评估，根据演练情况及时修改、补充相应的应急预案。,区应急指挥中心组织什么单位？,各相关单位
422,4.2.3 区指挥部各成员单位接到事件信息后，通过多种渠道了解现场及周边相关信息，同时赴现场做好应急调查、监测、处置工作，尽可能了解事件类型、发生时间及地理位置、水文情况、主要污染物和泄漏的形式及数量、对饮用水水源及人群的污染危害情况、应急监测情况、人员伤亡与疏散情况、可能产生的污染隐患与后果、已采取的应急救援和污染防控措施等信息，为应急响应与处置做好准备。,哪个单位了解现场及周边相关信息？,区指挥部各成员单位
423,发生特别重大突发环境事件，在市人民政府的领导下，启动Ⅰ级响应，市指挥部总指挥、副总指挥赶赴现场，组织现场调查及应急处置工作。,由谁组织现场调查及应急处置工作？,市指挥部总指挥||副总指挥
424,当国务院成立突发环境事件应急指挥机构并启动国家应急预案时，市指挥部配合国家相关应急指挥机构做好各项应急处置工作。,国务院成立什么机构？,突发环境事件应急指挥机构
425,发生重大、较大突发环境事件，报经市指挥部总指挥批准后，市指挥部启动本预案，负责具体指挥和处置。成立由相关成员单位、区政府组成的现场指挥部，组织制定现场应急处置方案，实行现场总指挥负责制。,由谁制定现场应急处置方案？,现场指挥部
426,发生重大突发环境事件，启动Ⅱ级响应，市指挥部总指挥、副总指挥赶赴现场，指导、协调、督促有关部门开展工作。市指挥部总指挥兼任现场总指挥。,由谁兼任现场总指挥？,市指挥部总指挥
427,发生较大突发环境事件，启动Ⅲ级响应，市指挥部副总指挥赶赴现场，指导、协调、督促有关部门开展工作。市指挥部副总指挥（市人民政府分管副秘书长）兼任现场总指挥。,市指挥部副总指挥（市人民政府分管副秘书长）兼任什么职务？,现场总指挥
428,发生一般突发环境事件，由区政府启动区县突发环境事件应急预案，负责具体指挥和处置工作，及时将现场处置情况报市指挥部。区政府主要领导迅速赶赴事发现场，指导、协调、督促区有关部门开展工作。根据需要，市指挥部办公室主任赶赴现场，协同区政府开展有关工作。,由谁启动区县突发环境事件应急预案？,区政府
429,现场指挥机构组织专家对环境监测数据进行动态分析和评估，判定污染物种类，预测突发环境事件的污染程度、危害范围和发展趋势；提出应急处置、污染区域隔离与解除、人员撤离与返回等措施建议。,由哪个机构组织专家？,现场指挥机构
430,特别重大突发环境事件的信息发布工作，由国务院有关部门负责。重大、较大突发环境事件，由市指挥部负责提出新闻报道意见及口径，报市人民政府批准后，由市政府新闻办统一发布信息。一般突发环境事件的新闻发布工作，由区政府负责实施。,谁负责特别重大突发环境事件的信息发布工作？,国务院有关部门
431,应急结束后，各成员单位按照各自职责开展善后处置工作；区政府负责组织做好受灾人员的安置工作，做好清理现场、消除环境污染和生态恢复等各项善后工作。,哪个机构负责组织做好受灾人员的安置工作？,区政府
432,区建设交通局：负责组织指导本行业生产安全事故隐患排查治理；负责指导受损供热、供气等公共设施的抢修；负责协调事故抢险救援中相关专业队伍的指挥和大型建筑机械的调用，参与本行业事故调查处理。,什么机构负责组织指导本行业生产安全事故隐患排查治理？,区建设交通局
433,区环境局：负责生产安全事故发生地周边环境污染监测，及时向区生产安全事故指挥部通报数据，跟踪污染动态情况，对设立和解除污染预报的时间、区域提出建议；协调组织危险化学品事故废弃污染物的后续处置工作，对环境恢复、生态修复提出建议措施。,什么机构负责生产安全事故发生地周边环境污染监测？,区环境局
434,区卫生计生委：负责事故现场调配医务人员、医疗器材、急救药品，组织现场救护及伤员转移。负责统计人员伤亡情况。,什么机构负责统计人员伤亡情况？,区卫生计生委
435,区安全监管局：负责全区生产安全事故应急指挥部办公室的日常工作；接到事故报告后，迅速报告区生产安全事故应急指挥部总指挥和副总指挥，提出是否启动本预案应急响应的建议；接到预案响应启动命令后，通知相关部门赶赴事故现场；参加事故应急救援指挥工作，提供事故救援辅助决策的相关信息；建立应急专家和生产安全事故应急专业辅助队伍档案，根据事故需要，调动应急专家和生产安全事故应急专业辅助队伍；参与或组织开展事故调查处理；督促、检查和指导对本预案的宣传、教育、培训、演练等工作；负责本预案管理的其他工作。,什么机构提出是否启动本预案应急响应的建议？,区安全监管局
436,区市场监管局：负责组织、指导、协调全区特种设备事故的应急处置工作；组织开展特种设备事故调查工作；组织制定有关应急救援专业指导书；组织或督导各类特种设备事故应急预案的演练；组织专业的应急救援队伍。,什么机构组织开展特种设备事故调查工作？,区市场监管局
437,区气象局：负责为生产安全事故应急处置工作提供气象保障服务，提供事故现场及周边地区风向、风速、温度、湿度、气压、雨量等气象实况资料，提供事故现场及周边地区气象预报预警信息；为区生产安全事故指挥部常态预警信息发布提供气象信息资料。,什么机构提供气象保障服务？,区气象局
438,区公安交管分局：负责事故现场区域周边道路的交通管制工作，禁止无关车辆进入危险区域，保障救援道路的畅通。,什么机构负责事故现场区域周边道路的交通管制工作？,区公安交管分局
439,区公安消防支队：负责事故现场救援；对已发生或可能衍生火灾、爆炸、泄漏等灾难事故进行应急救援处置工作。,什么机构负责事故现场救援？,区公安消防支队
440,国家电网长凌区供电公司：负责保障事故应急抢修区域的供电；实施事故现场及周边危险地区的电力管制；提供在特定条件下的电力供应。,什么机构负责保障事故应急抢修区域的供电？,国家电网长凌区供电公司
441,根据响应级别，符合预案启动条件的，应由区人民政府负责组织应急救援的生产安全事故或社会影响较大生产安全事故发生后，由区安全监管局牵头成立现场指挥部。现场总指挥由区安全监管局负责人担任，实行现场总指挥负责制。,现场总指挥由谁担任？,区安全监管局负责人
442,现场指挥部工作职责是：全力组织伤员救治、人员疏散转移和群众安置工作，维护现场治安和交通秩序；调动应急救援队伍，调集应急救援物资装备，开展应急处置工作；随时向区生产安全事故指挥部及上级部门报告处置进展。根据需要，设立以下工作组：,什么机构调动应急救援队伍？,现场指挥部
443,1.现场指挥协调组。由区安全监管局任组长单位，事发地功能区管委会、街镇和指挥部相关成员单位为成员。负责组织指挥和协调各专业工作组做好生产安全事故的抢险救援工作，组织做好事故调查和事故评估工作，并及时向区生产安全事故指挥部及上级部门汇报事故抢险救援情况，与上级工作组的协调联络等工作。,事发地功能区管委会是哪个机构的成员？,现场指挥协调组
444,2.险情控制施救组。由区公安消防支队任组长单位，区公安局、区安全监管局、区建设交通局、区市场监管局等指挥部成员单位和各专业应急救援队伍及事故单位为成员。负责事故施救、险情控制、人员营救等工作。,区安全监管局是哪个机构的成员？,险情控制施救组
445,3.现场秩序维护组。由区公安局任组长单位，区公安交管分局、事发地功能区管委会、街镇为成员。负责对事故发生区域实施现场警戒、维护治安秩序，并做好事故取证及证据保存，保证抢险救援道路交通畅通。事发地功能区管委会、街镇负责组织有毒物质扩散区域人员的疏散等工作，确保人员处于安全区域。,什么机构负责对事故发生区域实施现场警戒？,现场秩序维护组
446,4.现场医疗救治组。由区卫生计生委担任组长单位。负责组织有关医疗机构专业人员及时赶赴事故现场开展伤病员的医疗救治和转运工作；及时向区生产安全事故指挥部通报伤员医疗救治情况。,谁上报区生产安全事故指挥部？,现场医疗救治组
447,5.现场环境监测组。由区环境局担任组长单位，区公安局、区公安消防支队、区建设和交通为成员。负责事故现场环境监测，提出污染控制与处置建议，负责对危险物质事故现场废弃物的收集、处理进行监督管理，协助事故调查组核实污染损害情况。,区公安消防支队是哪个机构的成员？,现场环境监测组
448,6.气象监测预报组。由区气象局担任组长单位。负责为事故应急处置工作提供气象服务保障，提供事故发生地及周边地区的气象监测、预报和预警信息。,什么机构负责为事故应急处置工作提供气象服务保障？,气象监测预报组
449,7.新闻舆论组。由区委宣传部担任组长单位，区安全监管局、区公安局、事发地功能区管委会、街镇及事故单位为成员。负责媒体接待，对外发布事故信息及舆情监控，正面引导舆论。,事发地功能区管委会是哪个机构的成员？,新闻舆论组